Feature_1,Feature_2,Feature_3,Feature_4,Feature_5,Feature_6,Feature_7,Feature_8,Feature_9,Feature_10,Feature_11,Feature_12,Target
-0.42064532276535904,0.4040508568145384,-0.3427145165267695,0.26105527217988933,-0.16128571166600914,-0.23458713337514692,1.8861859012105302,0.29612027706457605,-1.4153707420504142,-0.8022772692216189,0.17457781283183896,0.00511345664246089,-217.97643915832535
-0.33516697322638483,-0.1149509314918426,-1.744532888606054,0.8967973320332352,-0.18354032201646558,-1.1286345143792071,-1.4822314236773086,-0.19334094967962276,-0.0709053625273688,-0.6902762332372047,1.1516655830474756,0.42232479744987467,-124.41547367574582
0.9761386900669211,1.1626480586861927,-1.5763089967712456,0.8995613767383077,0.36254309109296134,-1.0859631707417063,0.18033869066388744,1.0608000718059476,-0.7012495444040763,0.3947573891079933,-1.3432093905839007,-1.0182539014177285,-34.84034459817516
-0.36249900288206854,-0.7948936470016904,0.9475119085755672,0.09030979920643496,-0.61836502004413,0.9256767577138694,-2.072355181695998,-0.8814337052269955,0.03433338856883548,0.6746949778086199,0.1540318416835874,1.1644117405352703,127.34430077627796
-0.6327550298850391,0.7441857103150346,0.5964411375817527,-0.9478927172689863,-0.23596998721097162,0.7640297815728595,0.42154608353656126,1.897767016745977,-1.542801515209646,-0.6342858476894031,0.2668183962954019,-0.8343230454915821,-206.05918992769963
-0.08310557262869477,-1.4575514994649306,-1.5047203740310022,-0.03703679704841202,0.08243975293450329,-0.692420979873856,-0.30920907704986345,-0.6117690909052854,-1.4063174636718339,0.7600559636896026,-0.7521564055905832,-0.42930222451725997,-186.0574440459823
0.008857703668895378,-1.389780143192669,-1.4155240669137066,-0.9414031690020248,-0.27037139913579117,0.8055747028061735,1.352039365974326,0.4115657191642819,0.9758233372885634,0.9778722722111376,2.0994075205025093,1.1209670236143776,133.171846079445
-0.47935394265608433,2.8013729896349786,0.3886472460333105,0.41208346487146014,-1.0886348430590387,0.4330639467413191,-0.4871671830291446,-1.2084822042690762,-0.18643641582155404,-0.2686216239380641,-2.2176090801520147,-1.1130641011871776,-134.28756591692607
0.1884535964292827,-0.11298112310661049,-1.2704882455818216,-0.9723350038161881,-0.10798368601261019,2.3596142591001037,0.894458843105129,1.3250046549456387,2.2689916116594535,0.9632265338939392,0.3343747468732986,-1.9425705714374064,139.69854339356786
-1.1497074728974057,-0.270267604363889,-0.19360951103550808,1.1655948951441282,0.6419471294437011,-0.2209317249396126,0.2177182010871666,0.9625025919532985,0.19112423383639218,0.7445863984731299,-0.8246503402906875,-0.05883285413152221,110.95279578204585
1.2146667801329025,-0.9869427365015568,-0.14486675514609437,-1.722256933957519,0.016374241931293703,0.41135763115143903,-2.2557913310947475,0.4458388752292466,0.410383276786892,0.40582408667381425,0.43100969213007667,-0.7204550706750589,5.840932019718043
0.1579743122514517,-0.3756336657655356,-1.2719190011127228,-0.8235349706258495,1.0626572907875265,1.3252760904370375,1.3511140899867151,0.2678436378663333,0.827115428565768,0.2113965674706589,1.292745289518207,-0.5182526388612024,-3.740250134120264
1.3313390619884031,-1.2935076252040958,1.9203675021442612,-0.6382827265284942,0.07125374991089249,-1.066234931899225,-0.695694877197064,-0.8319549174944512,2.1247714030169615,-1.222895019555564,-0.9181269834165748,-0.8153756283161211,165.66812791699334
0.1435879365051602,0.41960997202411815,-1.8179792253871547,0.3099989831655551,-0.09445871444200275,1.2189707897936632,-0.8638829605897661,-0.1858457521927473,-1.9511018640386248,0.7597122954841684,1.279464931657751,-0.05658848889989584,-186.23637182806928
-0.8351245039722351,-0.5036502603755963,1.6529130512304218,0.9080226625361912,-0.03302526371956056,2.209855665748464,-0.17237495745366196,1.6389605275998331,0.32699451327009765,2.0777775851984446,0.7147317275176998,-0.7074395448121878,318.8858923273345
1.0613709648731335,-0.0003136726117747121,0.5320061988219431,-0.9379255765363989,1.7611881248673737,-1.0257526836402773,-1.1818741254208012,0.33855287628591424,1.1008213984226052,0.3616610612470166,0.44947391283230687,0.216624975404619,208.48353182345593
0.906870534610285,-0.571902849809924,-0.3759282454713564,-0.8323894449694428,0.7917452740087223,2.1772934475490655,-0.6411116541527696,-0.611188502250286,-0.39925664594596205,0.26118454127962865,1.6588696944553298,-0.4917666126562028,-104.33284720346077
0.7789365035121141,0.6687416555925126,0.4577728661518858,-0.6172531865469232,-0.005596018829046555,-1.100154232971695,-1.0917008761393143,0.8389405004696122,0.4395012306202264,1.6744924333475373,-0.387099702474401,-0.5583017539460305,270.60394114562547
0.19366176451679923,-0.5276537761783373,0.002925966679437699,1.045056145231206,-1.070668371416597,-0.750022681565717,0.003582601832783283,-0.42158231144029273,1.1549975605416176,0.1779083914116544,-0.19466369502467995,0.12079023250111028,164.62206381682313
0.5530400858523584,0.14035986984804696,0.23402445435314795,1.631856899089109,1.2005316584738726,1.8180619225578247,-1.9670697035871523,0.20232879642280202,0.7751554940347831,-0.24852861807444937,-1.1171864617070024,-0.7330329955239894,137.19833231689782
1.555198534147342,-2.2746210312061996,-1.1145323150080617,-0.40697436637337114,1.1067104242873174,0.5637878750069146,-0.20412976887271617,-1.290942219493224,-0.5913947298380474,-1.7392051521728,3.1176811292080475,0.014004967371380734,-257.29691868711643
1.1647393544571714,1.1486373494287152,-0.7345915767980492,-1.356581804623405,0.20056919723094285,-0.03564148229748357,-1.015821818978397,0.2935579321666293,-1.6151318159055095,-0.810252437014381,0.06167984984797165,0.46642998243352635,-236.50860519907135
-0.015563088870293978,-0.9782549380604774,-2.954248941242031,-1.05649707062526,-0.625916017684602,1.0472764085594626,0.12224300454706621,1.2497104201843185,0.8634372801898786,-0.6417271436521294,-0.41896344552123466,1.075221541181916,-71.50715252107666
-0.0785907959688194,-0.7766940529721439,0.2066776285391162,-0.21188953119824255,-0.13362772972677125,-0.736901352231799,0.9416190135514908,1.0844775248572875,-0.05589646661359551,-0.129297457035508,0.0765180622437113,-0.4666189681756455,-6.379845091310216
0.4935602043342916,0.9294099847908155,0.2908970575900059,-0.2867942357382693,-1.1212437400943918,-0.29175863225853715,-0.13213658890154725,0.9976320769202445,-0.059826143529903696,-1.9955317804517385,-0.5237313027714218,0.7595148874861078,-111.96226697951857
0.43004164719106963,-0.19634984908497827,1.0302834540318422,-0.3492577043184288,-0.2590421458207031,2.076747983560841,-0.07160125941406395,-0.3486521344078592,0.38193545223155334,0.23878915902651351,-0.03722223650984159,-0.3216350512173826,103.32989107540773
-0.2926854589752769,1.846395920599248,-0.6181604486836274,-1.7257711248125733,-0.8258327732380476,1.693547133413672,1.9333597477143571,0.032143146964560894,0.15140739062477757,0.8985117045515645,0.25675079866178757,0.02233923931860801,-61.76806664685812
-0.23320849820639397,-1.8804355440630813,-0.45121882694387655,-0.3774234011303297,0.29282884358668343,0.9067872729323987,-1.5693895953746837,-0.1383352820163779,0.4131474759526224,-0.13080059372695568,-0.6368823889389575,3.157771283044298,103.9264306831784
0.66536893503283,-0.4829098394605177,-0.7961368031864954,-0.5764195763348439,-1.443604262169765,-0.6994952201676432,-0.0827150238964932,-0.23130094292969944,-1.0370660735699961,-0.9500634974661272,0.24309172766069878,1.471034690817104,-200.54563731240975
-0.28509425704201397,0.09781329309330739,0.1386451837100845,0.49580502102757085,-0.8682609615983323,0.4147728907887909,1.1039335467019071,0.518871180440122,1.6043391083085963,-1.0861262991814098,-0.25628082425157245,0.00161903135694112,109.45634638377636
-0.41361566562964275,-0.56060763684731,-0.4776455826040052,-1.1410085097527383,-0.12765468151819012,-0.8049664808525608,-2.929448690002268,0.6954024745502987,-0.38769991640856116,-1.2551353719733949,2.052972024501663,-0.1115088271429437,-224.11466077427932
-0.5769036556624031,1.8314587658543537,-0.898414671348358,0.15039378647620763,-1.3202332070206422,1.8761708392158862,1.179440120721287,-0.759132661553698,0.9504238381860503,0.4919191715065057,-0.4691756521047048,0.34175597577715944,72.46648684166975
0.2700573583914221,1.987275999230808,-1.9122549754197768,-0.25885440036983165,-1.3683150388328105,-0.5703513664136806,0.9113627221747217,1.223083067095325,-1.8206033005485172,-0.06863404608546861,0.10575379127148042,0.35250496835687956,-232.10811551473495
-0.97826564926624,-2.0474371857707503,-0.5066348337879193,0.3431585541974166,1.4854773692725496,0.641541644936012,-0.22072875695836655,-1.0777207457916016,-0.787036278933299,0.23987275228472507,-1.3326784410252037,0.6229440304133081,-131.80199360615907
1.8972886947731116,-1.3367254388759306,0.1566937282465246,-0.37630072492499606,0.17528677893392386,-1.1716543473175618,-0.4118233689636573,1.088769654216672,1.6957228778108653,1.0235306441853447,0.13192796677195706,0.018819049740598424,387.88782520725334
0.5578103063518622,-0.30522470435466764,0.010352619843380607,0.4746982328799528,-1.0651136630753726,0.8177662992002871,-0.6095122021592831,1.085895565831578,1.3902075490173134,-1.3118362323501596,-0.186971302985446,-0.025026958745143917,121.95445974289203
-0.626315276183007,-1.1260539609110503,0.49406391897551966,-1.0902084067994298,-0.8568518651277993,-0.9697437196346744,-0.2563406783724922,0.24365722370271442,0.11053531747394013,-2.854626662904391,-0.5380477584901385,-0.9855396007209299,-382.0200016632972
-0.8744356483399182,-0.18385389315920966,0.6276062975618311,-0.803948414727481,-0.15830547800966377,-0.24775241823970925,-0.8456731044941129,0.6594512411136115,1.3204140097838342,-0.2795074632965335,-0.014098965906671578,0.30734561670797006,40.82724201794323
-1.1681778278502002,0.3240364427065333,-1.096875079383986,-0.6292121495294424,0.872153105684055,0.03352470238858753,0.8241028968557058,1.6505729632328479,-2.2175910793587708,0.8220660780325274,-0.16414941272177394,-0.03204749416371351,-226.6888812566149
-0.3188463554947312,-1.6233825299412434,0.6264346724539442,0.5166444459359673,0.2050753392346299,-1.404816943927507,1.8884369396142566,0.029430591677552183,0.10720796204013365,-0.0799084526625497,-0.16424198503203188,-0.9813259365174648,0.6232755967123613
-0.5112594578695273,0.6099513873319773,-0.30234956633175064,0.24854510511898723,0.18421722953009348,-0.6422324784439893,-0.23186850662578992,0.4021978249123513,-0.034572225485819015,0.841632255765075,-0.34201734580477505,0.034393795307583075,39.23880464578115
-0.05020461704174478,0.996858773465808,2.620793091029975,-0.2346205699574138,1.4641772387524374,-1.4485914146335441,0.2806364044901364,0.8584511166566653,-0.29967664800678706,-1.1119670257741636,1.7586204841951334,0.03823799496002834,22.197506773739857
-0.2617807223427068,1.7283293805663333,-0.599355705052997,-1.6556393601700825,0.09502788527207305,1.4744973675705146,0.4137542029473876,0.2997948741631638,-0.9262391125885509,1.2354317757568007,0.24245018063581938,0.6463201631358254,-99.40753835042894
-0.11741030034486948,0.6089844464924351,-0.10861665493834241,1.9529445539995067,0.8730660663320997,0.13480142329020342,0.4189116113727865,-0.3399837223515192,-0.01833806663370996,-0.11607081012048345,-3.033989362145269,-1.2255347222149022,5.516356730874936
-0.5335436258230818,-1.7052076077760168,-1.5144140623981206,-0.687784294825431,-0.08251351891139448,-0.3743900332069141,-0.8348299105466731,-1.5105460503694963,-0.9265132547797481,0.5487004763949003,0.3366014275621669,-0.6770111767903435,-265.3375682951727
0.8107986455917099,0.0976703767483354,-0.9938626748348534,0.5136144642310962,-0.856498237409199,-1.9685042134380537,-1.2644984069549656,-0.8927875154918841,0.6549755842216898,0.4201915428949916,-1.7931064525345768,0.03471374875256186,101.93082808092605
-0.6777449705248515,0.4891871301476635,0.513907849658915,-1.3459796802467485,0.3506300992735592,1.9389289990582848,0.6347214685617699,0.8712972974572442,-1.0003313246055747,0.17958178193959795,1.1096998419562232,0.12637957954641182,-152.71004448137506
-0.7157599891107518,0.23940450053537707,0.6820520657126199,-0.6905410523162594,-0.580053241370043,-0.8318222082304447,0.49968511030293383,-0.7837656655863965,-0.06717829004935526,1.4872461553359273,0.4720022709192744,-0.9161919154812425,-25.501596233448232
1.2888634252063023,-0.4697644643371368,-0.1330031639300636,0.7072313738042767,2.14300705458491,-0.1934276285812056,0.15875605093754283,-0.02185674744212368,0.21838898754417418,-1.320892282506161,1.156006669451127,1.4751123643098556,33.86865373809904
-1.3141995296231093,1.0654247235975804,0.13863502853045098,0.5990841852948223,0.5161630229264693,-0.2754823151790223,-0.7748021781355291,0.25200376120192847,0.1822802235378697,0.4981119956445415,-0.5326067566734964,1.0370053243691586,99.78188739838176
-0.3220615162056756,1.307142754282428,0.8135172173696698,0.4735924306351816,0.22745993460412942,1.5499344050175394,-1.6074832345612275,-1.0623037137261049,-0.7832532923362371,-1.2308643164339552,0.1846338585323042,-0.9194242342338032,-220.28200923354487
1.1464871587330383,-1.135635904757829,-1.1123274696705807,-0.6844404020861826,1.2746838496794863,-0.2885329006817962,0.5092953236420079,0.6469045232565658,1.515413815348209,-1.167757415899921,-0.6160712153363237,-1.327798673479431,-31.29649640764756
0.037696573123922904,0.09315833769974234,0.6595314695891383,0.22058353773736078,1.0386060692088166,-0.3785797432131542,-0.5109891701957271,0.41875996012749656,0.8986691603391742,1.7665118003276337,-2.5535495960558983,-1.2709517210922827,290.8437222896882
0.14934191105988046,0.7330542814659985,-1.4110568310660818,-2.1779677321946878,0.23962751823899794,0.1616985267047529,-1.8927621775900518,-1.3307051313309262,0.10285857793233408,0.803154742614022,0.31149085879778987,-0.6994145401232875,-184.20215700352804
0.18700772147472028,1.110677684054092,0.6259320959729026,-1.5704750453679706,-0.6414157900234342,1.3951019065022976,0.2753962341432087,-0.6302320736464391,1.5571608896986593,1.3698682233619108,0.913711652342591,0.9713442845414815,260.8088999733051
-0.24734038702515676,-1.5858456403858474,-2.3789960407532242,-0.4647672239117277,0.9853997114500495,0.4685401615460691,0.17648418366295282,0.2172079375284009,1.782905600065144,0.6700496718155238,0.4512260161360988,-1.1772264174512104,46.03051177894038
-1.0506233218278012,0.6197387847028687,0.868772500590771,0.2412402484067293,0.587855888137735,0.7979945496122363,-1.911316891662504,-0.0626482221218215,0.9235086160473687,-1.1863364271098544,0.09297924652940966,0.08450514569286258,11.059090109840234
0.8544020011207198,1.0256321138725824,0.34121584249203324,-0.8610496721655755,0.07450959382677262,1.0200365069020898,2.64201191049262,-1.3450144839306688,-0.363131646817078,1.500274609000988,0.5980991550474662,1.3771809365045613,124.5368672531242
0.3142473325952739,-0.22577630048653566,-0.9080240755212109,-1.913280244657798,1.465648768921554,-0.5622875292409727,0.06752820468792384,0.24196227156603412,-1.0128311203344238,-1.4123037013352915,-1.4247481862134568,-1.7249178325130328,-447.6438442346261
0.2984518139814398,-1.0079116954282061,-0.7825985974185891,0.36681404328544226,2.084712921231016,0.8648244384910113,-0.3397590076475238,-0.8108939362002497,0.15140304795173262,0.7070323596107849,0.23160747416809183,-0.7404901063321585,13.323881411513153
-0.07502700039680087,0.05461178291007045,1.0929591108966683,-0.3827784017095585,0.4133720291303957,0.4892118246643012,0.6573210951195391,0.032863373980213176,0.44049449616333775,0.9704626369066661,0.3142674218011834,-0.11648835263103476,181.65096667074565
0.03080713499795014,0.8155942445961629,1.5407523765167723,-0.08616210409949455,-0.43479469337221693,-0.9465645185278149,-1.622974962003564,0.22848217771819174,1.130526619537311,-0.526482354794923,-1.213463360152923,-0.5630810770523736,109.57654485450267
0.7760279138434754,-0.5014021468856367,-1.0022170189267248,-0.4159669279473586,-1.466785190615677,0.6082461916849685,0.9753124584779789,-0.09662367001488972,-1.317131919946585,-0.752435237353035,0.5156280884439565,-0.9457460606967811,-279.34797197339554
-1.3661983376689175,-1.245051223503995,-1.0814133807392872,1.3427218613511855,0.5163966677865788,-0.6489985204731576,-0.38281748098675,0.38082641834525377,0.883606785994169,0.3358472647200691,-0.6060838322196587,0.2651639227465874,91.16975003818516
0.8083595496657083,-0.031261414154246076,-0.11965890247315014,0.36660624701380495,-0.21800563112112403,1.7464906315946216,0.1699745397492694,-0.723168438829393,1.027151035893151,1.5142807357204837,0.701823040543344,-0.7957176635206115,256.02908987553417
0.4446026682201407,0.014688194729197093,1.196631486645651,0.5885784044206096,-0.1340171666729177,0.3946715298229811,-0.78489831308224,-0.5805234498047227,-1.1958830620351844,-0.6097829043193822,0.648280433843859,1.6699045043514062,29.0746630009483
0.3113086734428849,0.9413105807674833,1.6999573745763805,-0.47949296739924335,0.19063559126502433,0.4631847952675847,-1.0325239035275395,-0.4430440211284823,0.19729226563120644,1.0715431522348857,0.39792704994680894,0.2965755451407618,186.96026728481414
1.8338965460243755,-0.5974788580244034,-0.8679224627511536,-1.4811457246217157,0.7492825568794513,-0.5436068960930526,-1.4955415364982039,-1.9645360381029247,1.992036635959309,0.5571376184034819,-0.012298449308057612,-0.0023689161328080566,180.51645900897836
1.801528407832186,-1.7821150819848288,2.0221741000873785,0.8582704301818718,-0.1929813677606896,-1.9111593252604877,-2.343039101651841,0.3120621317267384,-0.5674472812283516,1.8311771355658875,-0.6140381615494112,-1.2629629368673227,294.3913549075662
2.088442772869925,0.38961417737090387,-1.5859833122379583,0.43295982536069616,1.8709651753717822,-0.5647740041709423,-0.8682927318763665,2.4267164863455224,1.0213832954293984,-1.879924385139045,0.5346290861224353,-1.3776175007542373,26.422281460211792
0.8347513263248821,0.5740712208940013,0.9137716213855857,0.4751677464953816,1.5898389781806839,-0.5892716517893062,1.3995946451457935,1.1038773433162576,-1.0921636327180897,-1.5457297866907331,-1.342127748485115,-0.002403840918853844,-87.52784007777771
1.9532591375265682,0.13106518621584873,-0.5258796758952039,-1.6873443471107104,0.4004813865063287,-1.3554475031122892,-0.07744346072599365,-1.153332403205745,-0.7090209576304904,0.17775010626803134,-1.1952937635992447,-1.7938924978678903,-200.74766863941807
0.635967750711738,-0.12402138738999703,-0.8220760118279274,-0.47417817510396487,-0.5694497744921104,1.6095206657759729,-1.0642200068173489,0.6324542166423008,0.22749587573205374,-1.2192844665221938,-0.009844808650383004,-0.7717719573928751,-135.9151310260834
0.04059169120388238,1.7495767431869393,-0.7019916878067554,-0.429405541125253,-1.4026052717996935,0.5432980290363879,-1.243863235391285,0.12522450264790727,0.04886007032570433,-0.6629009175509482,-0.6929051977959073,0.12229750303228377,-101.03468462983055
-0.5012341077902127,-0.14325891536419263,-0.44854283652786137,0.30524312653135294,-1.2905614219462187,1.41418728833109,1.0965471182302537,1.6637328321434735,0.4473939370689756,0.23855495377373917,-2.191253851165281,0.5873916998060122,152.8112038393152
1.567791509795664,0.42076656251858635,0.6455980789595456,0.8695725186534211,0.8898569517854946,-1.2512279153776757,0.12060854761357863,1.0733665824449723,-0.2841878821547786,0.7039646767942336,0.6623068966479679,-0.8097354673898115,233.628298564161
-0.4516410891769469,-0.3056324424067956,1.8951486121089698,1.2090101989009971,-1.372409737561307,1.0641707023410438,1.048203967675276,0.5354587474096335,2.505448905356894,-0.2631612720598266,-0.8381764823315314,-1.7798751082081674,300.59098317453265
-1.0152923742498159,-1.1290644218323018,0.6232358966388174,1.027959002257798,-0.17281335189340633,0.028320263677764197,-0.06660102702197371,-0.23731223419521827,0.42136025430670854,1.6371217900017057,-2.2243841086088687,-0.3920477826671146,204.25097518906017
-0.15936223214590656,0.5212799050138145,-0.37058276240078286,0.14506374595938162,-0.7146806769904318,-0.12205713212127726,0.3216785413765001,-2.018487864388638,-0.45784838618248924,-1.3480471119401671,0.16805980596682024,0.7931756882186773,-238.20941324482115
0.3319184477078873,-0.3930902007014615,2.935406206388468,-0.6804940477640476,-1.7106033544365142,0.509683077242329,-1.5679882655602675,0.147298000389084,0.8117055716132655,-1.027923765010739,-1.4924622700059929,0.6149446390313781,124.25835927516519
-1.7793989305072206,-0.09752538374562343,-0.9399678291500665,-0.32601249581684916,1.7159076311326944,-0.1539052269746876,0.3278110735741233,-0.16838492247285253,-0.32038505943679435,0.4766510408005575,0.9524781569528054,0.3903661943953757,-140.30071079740128
-0.25495579355369785,-2.219300372747535,-0.12545426000290022,-1.3224579567435701,0.08589300629333041,0.547264797377967,-0.22979963057519381,-1.3510743662080213,0.5488838353173644,0.3278795241593574,-0.8514064342603136,0.4818660617184915,-40.466617064544565
-1.0551076754804494,1.1058330662947127,0.8227827808340025,0.03556607403299353,0.6927690318488605,-1.6313351104170732,0.8614365256328049,-0.8561698406617501,0.4802605014059249,-0.9626510119189763,0.2513166482381024,0.6523061516102304,-70.18250817032659
0.33802348110170816,-0.9455068799427312,-1.2070216478572156,-0.2880388739220764,1.676393027208203,-2.4878086565350794,-1.1533505105959594,-0.6277339060845056,1.2769653860881878,-1.0753123930492379,1.1373145423647293,1.4185313451480366,16.286942398038477
-0.5330040818263343,0.7410169513364492,-0.766352609265016,-0.0325038930576894,-0.6368452142703895,-0.9057972133711476,-0.28815026242251623,0.613460165671837,-1.7794389254234309,-0.07878840008029991,0.15047449877390098,0.830498133985952,-198.96967210654532
-0.6516003476058171,0.18645431476942764,2.1439440893253257,0.6795977489346758,-2.025142586657607,0.21645858958197486,-0.661786464768388,-0.7153037092599682,0.045571839903813784,0.6339190223180112,0.852433334796224,-0.7303666317171367,160.8573260250062
0.10254143981752241,0.32717055287779023,-1.6872790796411685,0.4456779070819239,0.8715559662881419,-1.6047050097978122,-1.1211340127579221,0.20748879785218177,-1.1241218588607733,0.8312111031997558,1.3801389388685148,0.42350787402203743,-45.98179975476638
2.498430483721495,1.32099578954071,-0.22800572680971787,-2.0276772716708487,0.40226807720129804,-0.33257937984987496,0.10801412097950092,0.6932176016587042,0.7031401972360493,-1.4069774621039888,-0.9066485451542928,-0.8860402469783771,-76.2692192365354
1.0481167592691547,-0.7621334485140979,-1.0685207540824389,0.1358559015662905,-0.38418166570697554,-0.19805976321890642,2.585975175683896,1.9358610256806046,-0.4362630321800288,0.3454141816438536,0.41905073475346005,-0.09600066173385824,85.76739219073905
-0.29900735046586746,0.3571125715117464,0.0917607765355023,1.5646436558140062,-0.21967188783751193,0.8219025043752238,1.477894044741516,-0.03582603910995154,0.08704706823817122,-1.9875689146008928,-0.5182702182736474,-2.6197451040897444,-217.065681261145
0.3873714806329899,0.544220352340347,0.3231854824582059,-1.1564158167438567,1.2949855848169558,0.41768075223940065,0.8458028725629282,-0.5800163326536847,0.10744437434089255,1.2838168598535613,0.5140625524247758,0.8500793324175533,117.46785812094133
-1.9196731561976563,1.4436320034688142,-0.01383774609423725,0.8595878869798019,-0.493122822399772,-0.04541121793223822,-1.2565068942792563,-0.5495571359085801,0.02538842054241018,-0.6897277740641738,0.8132051867479773,-0.3871306497895146,-165.04126542447975
-0.05321243627298323,-0.7176391376105407,0.2536835542980969,2.580291898690775,-0.1349902279770614,-1.8075896491814576,-1.1037585626023165,-0.24266646142712253,-0.689655504900944,-1.314748860310423,0.2595956466989539,0.5432569649742733,-24.07381067498675
0.07569494000509344,0.5309756619640905,0.6855897462984164,-0.758765257935375,1.1663705456692521,-0.6536791406374189,-2.1782113197314303,-0.4684961133603157,-0.8063769291180498,-0.1416485860101269,-0.5294669635070083,1.3508523306990055,-74.80690347744266
2.2331159171321766,0.3160878221089338,-0.6929570045312151,1.2101660953653188,0.8437900258815756,0.7932624959550306,-0.6705431614166831,0.9177721505515003,-0.7554608013928819,1.026087440960004,-0.1513974919414092,-0.6449284603222979,166.18703458374404
1.356240028570823,-0.6451197546051243,-0.07201012158033385,-0.18565897666381712,0.36163602504763415,-1.1962066240806708,0.36139560550841393,-0.47917423784528995,0.812525822394198,1.0035328978920242,1.5380365664659692,-1.1063349740060282,184.46864189519616
0.30634753393202263,-1.4582131138187504,0.09262758794892355,-0.9282658386559959,0.12342918170364875,0.23071174907496259,1.6301299648744103,-1.364470853617281,0.1017883337073275,1.2428625628583145,0.37034026732884573,0.8096575301482413,68.38840835703668
-0.010465129052729338,0.539764512828342,-1.1341711452777905,-0.9116173021539026,-1.7941435111986004,-0.24788011907866303,-0.3265358525345711,0.7820273875741276,-0.4283182577977557,1.029180436127967,-1.1709248938074537,-0.019918396299731203,-25.624606673916503
0.676507476439975,-1.025219085737433,-0.4093405752186243,-1.349605255711928,-1.8802884105687847,-0.3998267342865265,0.11494177175913174,-0.7051105201659605,3.377382919082646,-1.0561115691870866,1.4273286515947694,0.01999548620641927,170.17447707798775
0.6815006973726244,-0.5160447282173739,0.028318376130461172,-1.2767485758203094,0.9382838059759977,1.0531528533329035,0.09612077694098337,0.27157883719537346,-0.03955515385665504,0.02975613949574519,-0.4622752887050425,-1.0810565404082624,-92.7422815415458
1.277676821898509,0.11567463429285867,0.33231401197959165,0.514438834058749,1.551151975522523,-1.1246420918378692,1.1792971840638264,0.12029563171189886,-1.5341141707356223,-0.7484865365565536,0.06751848141010895,0.7116148780888898,-77.21372740187638
0.45353430151397983,-1.2276078151369925,-0.24415663529064868,0.3287624103034804,1.1894704889246406,0.42192075423528475,0.597400069849858,-0.06413834659299254,1.613711269058647,0.9640871682883573,0.7011727423108983,0.32135721545027307,293.935225737285
0.117327383308782,-0.20219265243389406,1.277664895788425,-0.5601810401969696,0.5470973811700379,0.6103702654334648,-0.2176812032272203,-0.8289950109220723,-0.020901593964148132,-0.5915713888358299,1.09877685198719,0.7472936051232618,-22.90683834510839
1.1971680272478535,1.783922595201769,-0.807591340098296,1.086380711205838,-1.0448363139030712,-2.4928104993953535,1.6814924574180155,0.5682733771527843,-0.49913895147036563,-0.22347250523693915,-0.8838688951407293,0.3333698512608781,16.84468959012691
-0.2650649968885794,-0.8509750806815649,-0.9026543599878197,0.7980910486615617,0.24207067028796736,1.9116060670633217,0.8639235499624459,0.8314988669316621,-0.6411649293968504,2.6983288359370876,0.7691357793100331,-1.4241676001875991,151.20908087832376
-0.367074646018183,0.7248293734858318,-0.8965855406471915,0.03755307666056291,1.4916738588018077,-0.7880762539036712,0.9229775651404308,-0.10210305889143893,0.45635597313269627,0.5734474933553989,-0.520630606562299,0.4006416383398367,53.76140331778343
0.28555407485765694,0.08958068125524882,0.5211224283793383,3.1377485336599937,0.5556044660034485,0.22323891412915967,-0.1973384203073261,-2.1356742139786955,-0.05489400061628639,0.645215585950057,-0.1512732836535117,1.0560568090660518,251.466043620234
1.0152208918143053,0.05969188057973627,0.10798392072522883,-1.0188699570667352,0.19340636718971696,-0.9400159321237541,0.10618291944021628,1.0400578907933893,-0.38611277608614164,2.6068591631497697,-0.6378086928599359,-0.22777097912363464,266.2723673565955
1.063940987560856,1.1013229577357622,0.2525688459966235,-0.07722104522304557,0.4441983272906719,0.4182057558879721,0.46654531145012695,-0.6073544332122114,-1.7760117540484022,1.3845320475939062,1.3462257562027482,0.4258436586298291,49.58704589593725
-0.28451030433922214,0.720639231357267,-2.52345736251247,-1.4108022850909592,0.6427171526314838,2.2369710770616296,0.0773637302840967,0.20348200345228765,-1.3293590589340638,-0.30093529297013316,0.8892634247589758,0.3566676072498469,-366.48421607853055
0.829149035059542,-0.24965553821891934,-2.3910785652839595,0.9907108466240852,0.9792597442869628,0.7271712595339491,0.2075422948887419,1.8480401917708498,-0.4037034339979068,-1.0198013336945937,-1.3467856621154346,-0.1210210310095643,-51.13577939900746
-0.38856822049120293,0.781497239460632,-1.1238784051255941,0.7927110177336647,2.45987198502938,1.0578010075419184,-0.8642852619405358,-0.7507203344928128,-0.532143890173102,0.3780462604278832,1.135620585491476,-1.4766572235180533,-139.18451915695002
-0.5953056976939823,-0.25083367181123084,1.435856464085898,-0.27831025587657626,-0.561050852022268,0.2808911266011715,1.645354952270745,-1.115246536376814,-0.5527909175451801,0.28456679047452627,-0.235164878251097,-0.3720643253313259,-62.64594207290228
-0.26175829022109454,1.7221550978081948,0.5559414516458422,0.3980482165092625,-0.4338734629791891,-0.4257556046515905,-0.7670674554003005,0.8567374214704584,0.4504957237780347,-1.9049444540106388,-0.6038382974931866,0.39457998548421935,-74.45204937916547
-0.8729889668893527,-0.836980354439587,-0.20698458909836875,-0.7267419048820193,0.8223504708957536,-1.265258409085215,0.5519642593318276,0.5342078623746747,0.48058675842771265,-1.031025275147307,-0.34409802826233293,1.0409541737977894,-44.206252338205424
-0.8966422273152082,-0.3748220566218061,0.8419836954521269,0.47004418736820214,-2.9069882193216414,-0.7121738641760436,-1.0385438208439723,0.4322629506341555,-0.11066536855732945,-0.36920720044744615,-1.6312758154609455,-0.7076258948220261,-84.40175157278533
-1.2829922241885696,-0.4281151609659125,0.99626681944714,0.3465038817307158,-1.556581898659751,0.47704082722312147,1.5007597906343109,-0.46770120131189136,0.07682189106025536,-0.4937565831613125,0.8502217421134929,-0.04692057887918407,-72.87689437641474
1.083261776294304,-0.9677523395470999,-0.6059900460849119,0.4613307130354217,-0.3075773895637438,0.4643205608266651,0.5644982040474971,-0.1305754572951713,0.5553988606517399,-0.9427752402304745,-1.1617513001764113,-0.4358573549814069,3.444788127106282
-0.6597486412539658,-1.3045894438004726,0.9838523436061467,1.5821167513035672,-0.4765514232192414,0.12918747333171046,-0.8935950137191204,-1.162065820256283,-0.06327395989691587,0.1258865305766578,-1.6413801156020968,-0.3994654904728529,59.95716191132176
0.5187930174517212,-1.217403793496952,0.8635282425215212,-0.3939866812431204,1.1526481032616924,0.30638948207341404,0.46795042213185173,0.43494103836789866,-0.9983067752910549,0.17146931759039094,-1.1702807063967748,0.5377681903684838,-4.9222042499437
0.10908297034983186,-1.770481137776078,0.3859700925688759,-0.4357644969706192,0.9280906109910811,-0.7507296070055988,-0.5781134587156433,-0.17284567481411092,-1.151997547579143,-1.176644943900053,-0.258008536197609,0.44231686816448523,-217.1658952381515
2.0064086377129366,1.3486931986455122,1.2374645917335385,0.9328953551938086,0.878654850180379,1.5789450927179753,1.9941237407344399,1.5564160355717669,0.7947585224719341,1.5783426774972855,0.21655473837820582,-3.0185567705677925,344.6524375925005
1.772251596669744,0.46877425607502377,1.66125921454787,-0.5327008396619114,-0.6022120603617805,-2.8722622132816493,-0.9983854391882915,0.5136001065697166,-0.027514905050636255,-0.45709625658627184,0.30179189981946597,-1.169916835710288,60.01136532871567
1.3920022863445993,0.9407711879882159,0.918316606002313,-0.09833962679474989,-0.9896281365703375,-1.103589317215771,-0.9824873935383096,-1.6929568141953855,0.17989415115347845,-1.570500603623177,-0.2246331499970246,-0.9885911071509175,-130.2731850137548
-0.5969720279011155,1.0185374276503947,0.8201435941230599,-0.15195112347198586,-0.7982060763581541,1.232328605214664,-1.28950006972398,0.1756035498043702,-1.525662409286842,-0.467738683858582,-0.301579807791105,0.8092586281232986,-159.00470509124682
-0.4697297964895977,0.0352953907452159,-0.30056939058524895,1.8341345643623908,0.21930891313205408,-1.2298831152865406,-0.7228347951782497,1.1772087874169148,-0.8037236608946853,-0.4469775528060408,-2.17554877698757,-1.771422551443844,-87.34540808461527
-1.0471575686902646,-0.7451677703173505,1.7110288091907877,-0.16825913448754154,-0.39989999010931654,-1.7464667255790336,-0.10496770756362395,-1.2681368049753126,0.33164766712576277,0.5239605120767348,0.6127907415832897,0.06837156596765875,31.293282263227688
-0.5545932404325518,-1.9232162862097522,1.1747618002330382,-0.7064755007657966,-1.431188333235752,-0.8938332206390901,-0.2451724218513857,0.5881572644358652,-0.1825848784124418,2.116012056830995,-1.5184156988286825,0.032264810771252796,177.4636212328515
0.23184209213484805,-1.5304614097433769,1.146030144142065,0.24312345851289308,1.558789184496894,1.356583385827982,1.6296421311127987,-0.06263957732723487,-0.20035257779416388,-0.7773714848459066,-0.3726755839519746,-0.29424250563645765,-39.06005124167824
1.0925378336083031,-0.5912156192423738,0.5224452109266943,1.6785739643487574,-0.8818184989854194,-0.6900125998145852,1.5480082208186925,0.2669757831275602,1.465835978602963,-0.44859687310912016,-0.6284426891553463,-2.124027075878851,182.06618879742788
-0.21245170271305602,0.16585902679867273,-0.30209704102460566,-1.7737751322025186,0.3999965529436064,0.2837880278380801,0.8369911546336737,0.7032538280959473,-1.4247656537214894,1.587400602415537,0.36849758683903877,-3.9224002516183423,-259.6706687389329
-1.0590371220120975,0.48279012406031796,1.1037200137225964,-0.5525693461188524,-0.06338985203481078,2.044481557199944,1.0835831031099956,0.9453117712358652,-0.9972282874387761,-0.38448912104151794,-0.33346069318177196,-1.8730058309306206,-183.87934936521089
2.6323862046774984,-0.9896509661643634,-0.4299001052078867,1.1864155905176088,-1.2666319951066096,-0.4908728948935657,-0.6866045318482008,0.9156538042583441,-0.5319315082920923,1.6776254421561345,-0.8456893114465224,-0.9888723476355838,305.580404253788
1.0807807255546218,-1.6609609335159914,0.8339221545489041,-1.3353443587101013,-0.07016571145864703,0.6105857452838231,0.42961821913258585,0.17770100093325383,0.5597904479310398,0.4591800792284367,0.20768768716311115,0.3801978510059632,114.9334744151137
0.7637997723632599,-1.1310686299349713,-0.39167060950403243,1.3339981858769252,0.49200405410295983,0.07468584263688564,-0.9621412281903847,1.5413211448013207,0.02250038824543957,-1.8825207514674638,0.00022394799578804667,0.7777350472478546,18.128114565709033
-1.0325332762094106,0.8290984400183357,2.44125584526534,-1.67308401250574,1.917287968605754,-0.8555276879406237,-0.7418431610084755,0.9610934572320833,-1.812727965073143,0.6095098962124401,-0.381771196674043,-0.5815807632272181,-168.78106766445742
0.2436872114919123,0.2320499373576363,0.24496657110872277,-0.32138584165299344,-0.4710383056183228,-0.5637245528039747,-1.4480843414973241,-0.8254971967925115,-0.8222203955664315,-0.5069431753711298,-1.4074637743765552,0.41293145427562433,-142.96445614468772
-0.5123742406766936,-2.837506441397379,0.05586393984449697,-0.8388926740257363,1.146027575013415,-2.0199273321561364,-0.016610342325908987,0.6863535550145331,1.44194500580189,-0.30964971398806124,-0.10581875749769788,0.06783851391693768,92.08062621016896
-0.15083771156669531,-0.7582820688875902,-0.0739475656083926,-0.20447122098612153,0.19502498402812674,1.5730197252148563,-1.1306153349375263,0.38632331781156,-0.46580556911816284,-0.4516594761596227,0.6227112239002686,1.75547569831549,-33.93990963941311
-1.3331283547778066,1.849362141386381,-1.551512249058929,0.2965769385303051,1.188596823087008,0.2887280030098363,0.8431053323232401,1.149672018878747,-1.1571166187132709,0.6620518347584732,1.1628385775349859,1.2676515111879738,-65.8636736968652
0.9528745472029388,0.7421274910718922,1.6122782579886454,-1.830632896856457,1.639964529371393,1.3736585451629577,0.0754336389015928,-0.6540756831274238,-0.13744851462769186,1.3149144535840473,-1.6019658118971685,0.5112025995249807,148.50016664915378
0.9553005582377528,-0.22954865536034708,0.8760467925297942,0.9854496856152184,-0.6039806259692295,-0.4555395260238707,-1.6394841625254342,1.5781180575621845,-0.8892408282283243,1.472670675750982,-0.39247110606087293,0.8691545924968965,346.54296137038466
0.02688583899453078,-0.6819842479977986,0.20838280794755248,-1.1583646891925428,-0.24717738252059693,0.8773622905756714,-1.0016200098949155,-0.0036025390905684044,-0.22096417382966393,-2.0417348684242906,-0.2811002928859549,1.5033983017671506,-193.35708865988016
-1.9982006845321076,-2.8962553781936893,0.9163276747024814,0.05194588580729943,0.9980101098596522,-0.08071658010858232,2.0883747047807275,0.7276295436369798,0.07863519031609059,0.3464884758979927,-0.13958962815517376,0.7326400772155792,41.269551424866094
1.4015985929464294,-0.9980606273144129,0.6504500925361392,-0.8082657216409264,1.0519476177229186,0.5225141052657575,-0.3839712719523516,0.08531814256502405,0.4183982208886837,-1.503080301759818,0.2502002062516945,-0.8304444065565653,-73.56526852670174
0.7574951493374855,-0.9878733409007492,1.3705361439967134,-0.5244481362626519,0.2837510236615011,0.7214793237573432,-0.8468509661253646,-1.6566232076777738,-1.0501407396021456,0.6952029000839993,1.2496189052966666,-0.7353034606819523,-59.79759126405212
0.7181857257079345,0.591814133741378,0.4384757388097273,0.54711911517521,0.6728612359668199,1.114321694668872,-0.3540407109410238,0.02246589281204638,0.7153813154412441,0.019616657693989903,-0.573601772896901,-1.1808128153088449,153.81426020430726
0.8902475008365087,-0.8950698422766047,0.17183933979353122,1.0305805856240573,-1.1755946056248516,0.8545252270666157,0.5972282182533848,0.5107920885275947,-1.091933900395313,0.5532512199847837,-0.9483480042242007,-0.6578345538521371,37.695638796938226
-0.3020454994898642,0.3161559571827783,-0.3294477863470914,-1.5648027713620551,0.3350580290841175,-0.2634482160822491,0.46926758980852623,0.3496500472996937,0.6791427754381955,0.7318707042882956,-1.5355721232071058,0.0953441994413082,42.69099801430157
-0.22476540189268354,0.7591551603026468,-1.1701130260593595,-1.4848979684499035,0.541462728204788,0.9343199112392737,-0.5765104007267194,0.9495541354413237,-1.366878698415421,-1.8019804375800197,-2.59104229214491,-2.553921134901955,-517.11658740312
0.796701927070742,0.019381237698025213,0.015182942540433121,0.249548189598077,0.6455877121741934,-0.25276325509618536,-2.3203155982304233,-0.9944285217997922,1.029413100955326,-0.9748065759228419,0.7826298263165181,-1.183056184734389,-19.9226436310084
-0.3310243342080806,-1.0658027113487583,0.4547043964167744,-1.0751030481167556,0.2588875157127058,0.6779699708965284,0.5948543733972447,-1.3449277870651724,-1.2847277664174672,-0.06616593454643473,-0.6132118924759965,-1.0469217501069061,-276.9174911590721
-2.085792438905004,1.8987349813552388,0.9737262308523678,-0.21715880713685662,-0.7734558440334302,-0.6038589312369547,0.08701648039238655,-0.02549412858519966,-0.3432059268430377,0.2987977803217619,-1.0361435719751968,0.058370290817895645,-63.69159299799787
-0.9323712431819872,-0.4138949422748569,-2.28577724449495,-0.9823242722767759,0.7663884765723994,1.22393634423789,0.46079724361596747,0.5009173290858575,-1.5714199983383004,-0.7825913625481332,-1.5223343182817441,1.6053559623618066,-325.87553658697817
-0.7684355169034929,-0.2622335693828559,0.0490947313056715,0.006131450435226853,0.6858904564379201,0.9943787309920463,-0.4357108323847371,0.7990680731422993,0.5280360045479643,-1.3517075320246466,-0.03287448515243416,-0.5581332596574506,-97.69484543116337
-0.27362761039326816,-1.8331704516987275,-1.0523294696031953,-1.1497414553678929,-1.1933757685433153,-1.036329196838163,1.0179570524293595,0.16614061307833064,-0.8554826959255813,-0.47553444673535483,-1.2960486928239283,0.32434571119492384,-258.5301990349853
-0.3983270128816281,-1.047774946139099,-2.4923896515830672,0.10269051674858726,-1.1169408841023638,-1.0703205486518375,0.6879020828923982,-1.165974185680461,0.6868274954528385,0.659849612104565,-0.3471614824184498,0.24784628190182476,-59.005680944296905
-0.10200628012726169,-0.06387783283134668,0.67101780491777,0.5737671099019008,0.9389694687047921,1.1911730449400957,-1.2540226524285165,0.31282223676684645,-0.541473006507169,1.067997778058972,-0.9989363762455913,1.3978443070314983,195.57297969187226
-1.1546343387288442,1.6056779580824545,-1.0656826978195666,1.4901375220998412,-0.10737861841004537,1.542806773769682,-0.14166263187224326,-1.5976197291684564,-0.3357859389797497,-1.6837325676140487,0.3023229003482749,2.05451488940476,-184.83255824238614
-1.3801014582148914,-0.03269474809409311,-1.7033824393551547,0.7175422557959623,0.3840654489393073,0.07409478041977519,-2.0674421000398766,-0.26940683444455776,1.6286155455712918,-0.05554769889661878,-0.08912003951278841,1.502357052096028,131.67103854991748
-0.17951457487248015,0.36575998609291555,0.8942327745009349,-0.9221889054316275,-0.26454589870472217,0.5182189504454116,-1.9415678006202213,-1.001314654197967,-0.5061890610853361,-0.7663225247814263,-2.3849055089505824,-0.9546181019500601,-244.1525787010346
0.10649398029009184,-2.521604801462043,-0.8432983112849525,0.397637501776279,0.19767556695424515,-0.30704834092510147,0.4283529137714487,-0.4245981660221425,1.143566044928613,0.7020303236673265,0.3918287077161016,-0.4627366479963379,105.43977281539468
0.9373674142536799,1.0323893981263967,0.8301613723463044,0.8468399454691652,0.2201893142051328,-1.7684154256380724,1.9235134876034545,0.42124737869098017,0.9951676651586061,0.372842248655825,-0.9530404633648498,0.5343472134537843,296.28573912115405
0.3270723748778453,-0.23875260206343432,-0.5820613340930124,-0.9019926494431975,-1.3200771877373016,-0.3542063885087883,1.2855822343616794,2.8652120230859626,-0.5924654553805143,0.3990441406465261,-0.05706129143115594,2.824220426395203,140.92068046600446
-0.19547264358597383,0.4136162575716805,0.29722722158508635,0.49201428056689855,-2.1239928181256356,0.15809487586680993,2.135586730077366,0.3461173287977227,0.8197397172580948,1.667256841749534,0.2820342192093425,2.0642201348524107,381.68832324121615
-0.433990462215957,1.0331898643631479,1.4955717364824264,0.6734727961582307,-1.0010095444828142,-1.9259778184451013,-0.6514425498636812,-0.9331190886861417,1.7872399646046684,1.278434957965715,-1.866700586803942,-0.24691832748945464,359.42201909761366
-1.8831502080585838,0.42544486418417227,-0.37231905293792283,-0.6176416769336966,0.18517553682991406,-1.8800100339077637,0.22228985580085406,2.2816518365388427,0.7127120288613313,0.4373131870389607,1.2788658133133932,-1.5350402475323597,-24.057079338521127
1.7311696317672995,-0.5912847888018945,-0.635409880228737,-1.9550487703182828,0.5560220968422908,0.2138087939410634,-1.8465730478044171,1.040430892644839,-0.917976104610736,-0.041292687007282836,-0.4286545269165333,-0.3689394390314622,-114.94495384340092
0.9246336829127688,0.3934853854217496,0.05963036992017413,0.6408428612670098,0.6982233136135899,0.5725827813561586,0.8951932200277323,1.7976865268495226,1.3993554365860021,-0.6469367777055739,0.6351718016819695,-0.5711789897827968,184.71970686210133
-0.47655380143352466,-1.097143649628814,-0.29882008902920415,0.9575371632797675,-0.5522612521126086,-0.14945569316498877,2.291911266818686,-0.6737901056594764,-1.4308312016246718,-0.35824437790750796,1.8674620041613508,-2.712612563810438,-321.179701558133
1.2748750412787222,-0.006521315229458062,0.6515219913395057,-0.18452535765584954,-0.20149153394751798,-2.205566057099069,0.5987943895619102,-0.6243453897132241,0.8970661968871322,-1.1376856704248166,0.6683404887180808,-0.6047446645382127,42.942408218210794
0.0341524174880246,-1.148794035158656,-1.0872459388628026,-0.08152267310164589,0.6793732829565033,-0.4872285641135523,0.6663125009092119,-0.5041798310076715,-0.6757080791616118,-1.0858251288851855,0.4625912928539512,0.34767648353833636,-226.23055859639106
-0.030786502413415195,0.6672451474292419,-0.5619301138579263,1.4837439102037069,1.1892264612557852,-1.3992282592246312,-0.028217878937229775,-0.6401544568346118,-2.1529135157575157,-1.4289046065117268,1.3643262441708666,-0.7348108975341908,-358.87102475547016
2.1904556258099785,-0.5034756541161992,-0.9905363251306883,-0.9093874547947389,0.09965136508764122,-1.4018510627922809,-1.5506634310661327,0.7910319470430469,0.5868570938002703,-0.5662977296027719,0.06856297480602733,1.4027943109360992,125.48084220786345
0.3631156277445234,1.2906444609225471,0.3111099911431952,1.8904406851557827,2.01527511046064,0.7688396759688968,-0.39719531614598763,-0.7316317389085281,-0.6082265074447593,-1.889649292096153,-1.1022697404558555,0.04930833152022263,-111.38513279542873
-1.8132934720171585,1.5884471762401118,-0.019318304271835673,-0.44494639089525284,1.167217733304373,0.8918405795948128,-0.6849871791437476,1.524517181115903,-0.15464970656083346,0.10163005353342468,0.8011817639881827,1.6010743061643926,-18.27242521961071
0.05088770185601806,1.4898634386020821,0.1733416643704082,1.5490201514951873,-0.22320225463480511,-1.46752526575244,-1.6009039784765156,0.1018562952619867,0.16476084123651674,0.24395319790850026,-0.828497024780246,-1.2391070756539009,95.2336123582632
-0.5922408448128146,-2.1537305737914614,0.9757133776692501,0.125901388394959,0.685857818608419,1.2238559185425932,0.4469817170098519,1.368079350488601,0.33795555414502526,0.000755507454595548,-0.6385858251450302,0.851124098380238,169.23349588544218
0.8743891807127275,-0.13737178839939665,0.26256132900192497,-0.30372602877666466,0.8508979621679722,-0.8192578597214978,0.3904648499288896,-0.6581164890752567,-0.47622087354465903,0.19358991136754436,-0.10322175293249623,-1.345870923473215,-63.94586636289327
2.560502959355684,-0.6308464029471887,1.7509259419271435,1.1633760551635501,0.2573731064173494,-1.2859997065164936,0.43235271420033994,-0.6865387531537689,-1.0884112356728457,-0.03151851332810415,-0.7171819007224715,1.0687923213942923,182.97774232396512
-0.5336003064391669,-1.7476365098282616,1.2208212988130478,-1.3724655478841008,1.7120402840178925,-0.06100397185538355,0.43477006455689116,-0.501784192811532,0.5002404694365699,-0.8767737812118448,0.47543068252662346,0.32297450361766816,-84.69139417073663
0.11112937529651211,-0.28857511715410117,1.3181970672340253,-1.4127257589005562,-0.4432634648179029,0.6190329465885325,-0.11455942747251965,-0.49156193901893,1.3920387515870913,-1.3581749214775936,0.08409438825019651,-0.5168468831738285,-75.15709428875307
0.9375701376265584,-0.9399031011088647,-1.6075598643689741,0.21329370737293857,-0.7691423497872982,-0.8170886310681906,0.8294748419317485,-1.8936146669537857,0.6592456684324051,-0.7627247785662142,-0.19382613877280352,0.0012054753622242368,-99.26082626292819
-0.4691307161274624,-1.2325890641689152,-0.5031635190463567,1.3071354231507137,-0.6295942318637977,1.7624731648696121,0.4288111804330056,-0.30445802114822945,1.4838901537677616,-1.0136058423544687,-1.4560464933464334,-0.5717358227493337,25.365183213102352
1.1876793884615637,-0.25890497370407733,-0.4646172972983931,-0.024195606390916165,0.28328787154614216,0.324359281721603,0.5866938014752747,0.40373009033660945,-1.1790397911598025,0.2011596558728393,-0.47490365662252443,-0.9037018607301281,-86.97269728903218
0.3359681734405766,-0.6191229482499316,-0.2728445463401307,-0.8980272263244584,-1.0984092179625526,-0.46126705049830724,-1.5065252580391153,0.7841464163534985,-2.252793394731339,0.9701750825678591,-1.0042905634942532,-0.7660452024003999,-197.9481519901218
-0.9866590277241104,2.2409265562057925,0.6268770635290218,0.12682468513496187,-0.9885290078659005,0.17676210325026384,0.47643016671712474,-1.0043378262939064,0.02235055496636566,-0.0487656518431153,-0.15326055339930542,-0.36634167713775767,-96.1826675971293
-0.04427331984464883,-0.8148681489093441,-0.7289592500331622,-0.7334820666782794,0.1802948805034444,-1.6273117279473155,-1.4762625440017794,0.5510170602262995,0.1869902097246643,-0.18901429768247416,1.8055744326868153,-0.30082595603229867,-81.89698432680657
0.4826878872092127,-1.1308884353259157,0.4200944904518413,2.98525900260341,2.0565435648295414,-0.3135296861723979,0.47363207681145447,0.17521141890851205,0.9218015019772522,0.606850593215671,-0.9263811299815384,0.3674816654743044,391.33756639010835
-0.1471927507680115,0.5598284488280599,-0.19906255375986986,1.8418156093866072,0.33276047863701036,0.347397486434762,0.23764265629995912,1.4152045267018234,-0.9880028180029409,0.184827033621654,-1.2107426266291645,-0.1453494223138852,60.21383482326709
-0.8407718898986251,0.5805676870356148,0.22063080430716323,-0.5041286736516637,0.32475823953354177,1.889278795503996,1.209230647223938,-0.9289264824607304,0.23817130613962828,-0.35208774745388094,-0.024286495670025846,-0.07285768884105508,-112.58298621266101
-0.15171443357722914,1.057368305378225,0.5333592447054494,-0.8505352787470439,1.218194711754256,0.2647753109779796,0.8721970000729778,0.6030946849488336,1.2753907379990148,0.8394685045184047,-0.3150867311941086,2.4851899166788916,321.9966168061047
-0.5391227031489786,0.22054142701386686,-0.5482687949250771,-1.097302527632844,-1.10486279306252,-0.8372624310497003,1.2179591523055584,0.2167755637626291,-0.6078752606758179,0.8333339117803071,-0.513196364513396,-0.5888668267386961,-59.761125844109785
0.3537706308913895,-0.9487486952680001,-0.9793002302826354,-0.38762983266324635,1.3140749815246042,-0.1493614956496412,1.061256258512118,0.6332253101150935,-2.367477653373278,0.16336035491580048,-0.4333895666861532,-1.934964117240471,-305.5761372880444
0.7450053128772811,0.2522403964266774,-0.19469729611668168,0.6686548047579066,0.09175248444837286,1.2958717818630143,-0.11622904312195817,-0.1755639454992155,-0.7188323876087304,-0.06418817710849775,0.21471318317052634,0.09806753953894455,-33.67260009028455
-1.7739696161121294,-0.34514688113802716,-0.68604975703518,0.6558921377875826,0.10705745299229676,-0.020098751769651646,0.6879329720514281,-0.17759599475873897,-0.7712002995492906,-0.6172122466479616,-0.6129832712706895,0.9639069340758625,-221.77170295664465
0.4559041951707027,-1.7518288067517191,-0.45909031021899177,0.10940847183297006,-1.1543626682329844,0.31318447386498,-0.3899237065594453,-1.2374266382225725,-0.6065033882157397,-0.6946003691631446,0.15805348992013185,1.3286408282482312,-101.51542767428612
0.6012067489291149,-1.2207124259141586,-1.4438548161335418,1.2038844371688162,-0.5505368494915835,-0.4501892648514116,-0.5081401976473109,0.6157711497711416,0.0005279588565972928,-2.296180953137238,-0.14778031881747153,-0.13944627568099954,-163.0072102076368
-1.086054582118086,-1.132784951267745,1.2554036094598964,-1.9495617177543672,-0.9005903525360617,-2.2183477600510813,0.35037021638633825,0.2620668090867255,1.3697011076541847,0.9458696436841456,-0.844324037183071,-0.35084943007647457,108.32673207016104
-0.23413695694918055,0.5425600435859647,1.5792128155073915,-0.13826430117118466,-0.4694743859349521,1.5230298564080254,-0.46341769281246226,0.4967141530112327,-0.23415337472333597,0.7674347291529088,-0.46572975357025687,0.6476885381006925,146.42735793760843
-0.31823752774262026,0.8021284586181193,-0.7811563781311142,-1.423682636883923,1.5985381120963413,0.7835896647986067,0.8622235118869771,2.169936588080543,-0.6786430612941032,-0.2598001407675125,-1.4162270557926455,-1.8518427315746586,-211.75805119276225
0.001783041104608902,2.1245562298290137,-1.059211708372902,0.8085710068901167,-0.5161166418714347,-0.7742038183529005,-2.7738149399339167,0.25062823210330204,-0.6026243046145574,-0.5002610165866755,-0.17961972140563326,-0.2643558332034669,-117.45689685704225
0.5827375831738644,-2.3161438629688766,0.4968735905075971,1.7031726099180378,-1.1996975283653082,-1.7863754653546866,0.8580141953021454,0.9955815140020298,-0.6220348055543814,1.0697714549838502,-0.8281962729652346,-1.6380290574360168,179.72054500959968
-1.7776809623702012,0.7769316923548287,0.7147456498889451,-0.52738906163962,0.707457710864381,0.39876376442481426,1.6079150611191575,0.7690316554422755,0.7851850823103762,-0.23372405785172545,1.3534536476212031,-0.005106632027225022,20.002556727237852
2.9928105700606413,-0.11359216170196468,1.745858970273136,0.8778260312391258,-0.7532037815909708,-0.022030072516940464,-0.5434204297765169,-0.14170872170182425,-1.7681310327067183,0.7226748248882985,1.2638559390963884,0.7907593122325293,242.074128504815
-0.7847619081277034,0.9022771737866472,-0.370508098590029,-0.21804589539237385,0.015618333949603047,-0.6520888885930607,-0.9077561801469204,1.80930634973311,-1.0896330373423884,-1.405567019178642,1.5192839236417688,-0.8476339286190848,-266.26826094571794
-0.2867216948200629,0.5069763458281417,1.9519290895174237,-0.3651329377957845,1.182900489387524,-0.957927839495268,1.1138623979822204,0.01670086726755042,-0.9906540774992385,0.0779372965582097,-2.799964302593586,-1.104145456663919,-86.1605008561376
0.3753596961444733,0.5032323845324963,-0.115188328776479,-0.9561357029585392,0.9338104260749966,1.2450410082232566,2.305636837367189,0.18030505133750305,-0.051509193753927957,-1.1830855152497652,-1.015581379650545,-0.5908183480914292,-186.23833986715596
-0.5775342640192128,1.2812386535229803,0.697238046390313,-0.40409531183239966,-1.1565552170673363,1.9920944074974534,1.21644738727708,1.3755969643042085,-0.13111133868048266,-0.347524942518858,0.15551160376356082,2.035531456719595,88.90841234438822
-1.7210775209604694,-0.5837221335626013,-0.35840357551288854,-1.1285906730970345,1.1765332537877653,0.87278741446961,-1.0857477107815494,-1.532683970923734,0.3630042848060769,-1.2249998886600506,0.029796165121424436,0.9724439979180102,-259.07307265446616
-0.5652587392104036,-0.13698957769394238,-1.8119893375620542,-0.7402322525487084,-3.1385146662340397,0.9778475646543314,-1.1419418191613115,-0.7329260381085351,-2.3851136986930364,-0.9506906934152551,0.059905256796438384,2.1209935658451093,-406.9954042098032
0.4632885301181062,-0.29660745906979835,0.04351466864346608,0.34233783448962146,-2.529560077694303,0.8539759765522237,0.241321934916781,-0.33513778117145177,0.41486550036191044,0.5581395145185063,-1.151014083619507,1.5541604207147741,244.6315944959067
0.28580328679473294,-1.5947559581633324,-0.8451539584261589,0.7565646749131401,-0.03392522592790888,1.0538915522958832,0.42069963101847885,-0.4611697320346189,-1.194522939766035,0.5533889830744267,-0.5779207768327106,-1.3944950688592617,-75.88266698446932
1.3748764191481848,-0.9533286082587124,-0.6459641791245353,2.0574954697116987,-0.4827435221820324,-0.7280029412291344,0.12267031599479553,0.6191542610051978,-0.18289644110484016,-0.7991920066502536,1.6246784584695606,0.020793707675407894,69.25751334842771
0.4714155563864041,-1.515744114997232,-0.5522230442809712,1.1890165311075518,0.2029230208512997,-0.5707462937494763,1.5475052013300616,-0.6373871273065177,-0.8323555731042287,0.6329318177555108,1.7958776730955217,1.4205042479898549,97.72733355000709
-2.4263920705352082,-1.5656480316055963,-2.3869298701956727,-0.06312301311124825,1.0973001875437087,0.26355081195478497,-3.007632339693757,-0.4166253056154625,1.2840957939481172,-0.4958781720101493,0.5711794062192087,0.3957988487097471,-165.1800513255615
0.4070903833988318,-0.7100154428915523,1.9530596955398964,0.8917005810695752,-0.7598021319877752,0.33649978882090087,0.12999822580159529,0.020121129580859987,-1.5669593711673528,-0.9948563524675411,-1.0630362728537182,-0.6723935843265022,-104.74610888143835
0.5096892312246561,-0.4665740712027766,-0.8143981874463238,-0.8218148284213459,1.3528005348967251,0.1376619408680461,-0.6286702470308604,-1.1370328831474874,-0.5505870670007066,1.5008430302803784,-2.61813319869228,1.3025903967862316,39.521304381625505
0.4363236696740321,-1.0227925651984056,0.03800347816820029,-0.573700003938579,0.6135179727304166,2.1422703586118637,-0.2573765374233451,0.5228354880354996,1.7275431701007113,0.1200313267182613,-1.6685840738775894,-0.02435459226098284,191.61283818505137
0.14204447883054525,0.6418941228586382,-0.6729053320094016,-2.1357998487348056,0.8931883472072516,-0.8395275580176573,-1.0296962396330605,1.5199520059142992,1.3722713166079914,0.6628410930216325,-0.48401712362208477,0.7597872369530771,165.09433784173547
-1.6833821330428256,2.1050866393345022,-1.6133682362049397,-0.753707644861746,-1.325157155197762,-0.5387262803464412,-2.0615231121122495,0.10142296423965788,-0.09759389015441426,0.007673193321506307,-0.8001752986641041,0.842774030099027,-206.2018453470219
0.4203098174852043,0.12466339340755687,0.5918011911450157,-0.6638331028256903,1.862869121400177,-0.43403335432359996,1.0994637713956532,-0.47548474118944284,0.553627409358232,1.2592837114361684,-0.35166018383421516,-0.2410632224657809,168.156313624307
0.23604306382437004,-2.440704014775084,-0.386022797870698,0.351662354974059,0.2496094582097118,0.38292171005726305,-0.18428900183271194,0.8775475534514207,1.6264307346088593,-0.9157550411335605,-0.20583985992134396,0.5686446160127705,166.47226929881785
-1.5198927996189848,-1.0359619286066395,0.9262574910843923,-0.5587995720623407,0.18209824581586204,-0.5442961463142919,0.43594762971547235,0.2637555848225758,-0.5044226832971694,-0.3860025756494393,-0.7619412381350837,0.4672522151827898,-131.34883282755519
1.1523486389619257,0.33658304545903495,-0.48462856460008136,0.6509656787794414,-1.0756504835748875,-1.156996455664364,-0.45768456167907784,0.5724714117797358,-0.682074798023783,0.14341763068147614,1.0467127137757637,-0.11798109460737784,66.14035595345956
1.1870303055603801,-1.146345393018688,0.6387302220291846,-0.05761879703358539,1.633431532301096,1.050654396007612,0.30263546523903323,2.403415585238275,1.1055259329579838,-1.1430049127304835,-0.7542758500193579,0.2010990467149675,174.81014303181374
0.195162047141818,0.8049425736373473,1.6652522339446956,0.29967197733792633,0.6248178230538752,0.537179814541736,-0.09734596889273275,-2.342478337665347,0.9442148402518143,-0.17870688456349573,0.7787743079777822,-0.40602915441271537,27.111140671722353
-0.07002977680804456,-0.6116051462045847,-0.34750029970591045,0.4670909439935746,-0.07984915348779596,-0.6650318903039252,-1.8360052833568312,0.5790615726946706,-1.431114142771255,-0.8422957167700686,-0.4411766907937603,1.302928421945811,-129.07775556443377
-0.24258303628979377,-1.0944943608348963,-1.1992043250956432,-1.3608349783010791,0.5444598695274623,1.7127114112762727,-0.14027558555042832,1.8961232762543467,0.04596093604893383,0.44769626639501187,-0.33551583203306606,-1.1094555554462198,-89.15197001146824
1.3668742674445247,0.3112501545435361,1.6449677135012837,-0.57581824064468,0.5765569630557664,-2.301921164735585,3.0788808084552377,-0.5305011476105275,-1.5151910621985523,-0.24903603955637832,1.1195749114345768,-0.275051697151644,-84.85622481737643
0.2932844290048521,-0.22789255876583409,0.48473464796892385,0.9919263098869546,2.5303696686416894,-1.5235978106681667,-0.23078615210272213,-0.7798066757376003,-0.01813424350808177,-0.3017984933962528,-0.7969866688138775,-1.8829834466717266,-61.248352728617505
0.19433346333823323,0.3992281929393271,-0.14734022662150623,1.0941795475214755,0.24945094593007222,-0.861309579697108,2.492183998600687,0.1996104184027828,2.178562173991662,0.9639254230555709,-0.27512142825504665,0.4790031433927589,413.4186745868253
0.14338846734225108,-1.3526702858435344,-1.77623523289832,-1.3659557112005343,-1.0293715081820716,0.26125053123385605,-1.5223591862178911,0.6835693232004776,-0.36927713924620315,0.40865281148067084,1.1126883749899252,1.2119439853864005,-44.00604670008585
0.8444558720716657,0.39495797032330715,1.101737861786209,-0.5046337422892345,-1.606256788401958,-0.7318573084158859,1.0729296145073466,-0.8022718339345204,2.721912147906493,0.49199348683649613,-0.8533994740391114,-0.8031108339533145,340.7829937033854
0.9905668274427895,0.4329729280436354,-0.8781217036054526,0.24489730171272925,-0.11382477230747688,0.573558836877425,0.16392406359342962,0.365169001048321,-1.667665266190862,-0.9849461251170324,-0.7426591657723782,-0.6032968487781549,-237.67671720546264
-1.0150941918278686,0.4663583744463345,-0.8108575112103382,0.24650477843200488,-0.23401985910698136,1.1401490385212665,0.9873345165891019,-1.111457956937032,1.5805406865683735,-1.2575778589146163,-0.07595102364252276,0.49822174849678513,-88.78153787443448
1.27427225873437,0.2687757891486415,-0.1135881136210503,0.28134834748957704,-0.9249258157192739,0.2270288603889453,0.1871071001250919,-0.05195477090077795,-0.5918760663430924,-0.3825838427224335,0.3884246136775064,-0.3449831619570674,-17.374417300735985
0.5132674331133561,-0.3276621465977682,0.09707754934804039,-0.5017570435845365,-0.7020530938773524,0.32875110965968446,-0.39210815313215763,-0.8084936028931876,-0.5297602037670388,0.9686449905328892,-1.4635149481321186,0.9154021177020741,43.2394185813841
-0.2164187116383712,-0.27027036767460905,-0.13642215027761603,-1.1192502422206438,-0.4434294182350357,0.9158237815976042,1.612868370707128,0.25597714641877106,-0.36317555873281615,-0.7783085530065034,0.9466183083304367,1.2519474545131573,-130.37711477292714
-1.5008020152621748,0.36926377764990465,-0.32307574267702455,1.4137696482912587,0.9752005416847661,0.13931963072955983,-1.5058324053306205,1.4239538455411669,1.110911144734433,1.3355704555367565,-0.04991023304116202,-0.029172699226560628,255.6561625860984
1.4526167454861794,0.3076126681891964,-0.9163209190734197,0.33260751032419755,-0.14037505890533644,-0.22272070077660705,-0.524567013767051,-0.5717460419560614,1.0651719657143865,-0.8369207037962799,1.3522026788671444,0.9331280723410693,136.3462350600724
1.261519252535516,0.4253213083301104,-0.6671890847775054,1.7262265456356325,1.0960699074773985,0.7717961772356612,-1.5449373466767586,-0.4536363875916828,0.35625278870608357,-0.732968899123759,-0.5393050144632704,-0.8873294588557712,31.986609097394396
-0.26813913924176325,-1.0126444414430895,0.16663789531183854,0.4752586047173115,-1.1941866514118442,-1.655224712189433,-1.9354299597138063,0.14159578673988282,0.5845240518374347,1.0599501697623763,-0.5491589417637764,1.1706616293176602,221.1539165946961
-0.5387848378473886,0.22693194380024787,-0.18705751647366262,0.7958638123412264,-1.0296109710894006,0.2899111740376629,-1.718930412953847,-0.7178532143540355,1.3160074197184983,0.09546204135829657,1.0469545344282092,0.6543881340607632,159.91203453964954
0.9492964983753157,-0.953157504755092,0.5239989555843281,-0.7087782027214982,-0.4970306906659087,1.1584719964733277,0.3629957034326874,-0.26789873415849874,1.2237936225131651,0.09274306577955228,-1.173630392546798,-0.8193415927345735,128.10801772248394
-2.477506118629017,-0.1693288571150473,-1.038540857035756,0.9109070350337493,-0.402833428474804,-0.4093202145866852,0.6555543582884528,-1.277371133550618,-1.2237448466562693,1.1127981956129065,1.805668878116265,-0.07398478153626888,-184.18053733694316
1.5283315634862455,0.2971600238082216,0.7570320650539775,-0.7841638583598328,-3.2415138253291205,1.1211881425699046,-0.0018287588441003935,0.2625028908518338,1.6000978468204783,-0.2526248688026368,0.13998209632135372,-0.470755099124782,197.8560742145136
1.7183639957638757,-0.19543484652276386,-0.18919018127507997,0.2290948316463794,-2.215822425020668,0.26881235641215423,0.836484137964941,1.121689142387919,-0.518637997484576,-0.08633785824672688,-1.0677225770385452,-0.3231676657024847,94.78680766389466
-0.7746149700185819,0.7510994545073101,-1.6891830379672617,-2.0820987031889873,-1.9754877712171375,-0.5482002981667726,-2.0650830462563206,0.242882013150275,1.9234457948249533,-0.47126374070251964,0.02845758118315888,0.5531491563792091,-71.40753279575466
-0.10852784256484785,-0.25111783464244086,0.8268386307091143,-0.6368764742064333,-1.7582088766554351,-1.419877164270929,-0.972162217943325,-0.2818448493970999,0.11447605881877927,-0.104009227724695,0.07957954655656065,1.542547211374117,102.59844438789749
-0.5830774385689385,1.6073455760199926,-0.1671217137864115,-0.27681329988892067,-0.24869112618354708,0.8157372125392968,0.49097495163825133,-0.221253623585772,0.8604734883597454,0.28257995048829965,0.7348777860498175,0.30740669780910074,79.21298917789086
0.03444101170584135,-0.9822940342546795,-2.4883273534129895,-0.38852077518300926,0.4535087125544674,0.44921872128503426,0.058984221589597374,-1.8697416996954206,-0.5098066931908826,-0.6582484123338483,0.446872500802698,0.19042388992505774,-352.016665347007
0.40861074756391724,0.07321945031246505,-0.6975419424751146,-0.3270734308637865,-1.1151262626634877,0.45322190228289727,-0.6553275232007943,1.2710300994311405,1.4744820073782556,-1.6188225719864404,0.1949677059907586,-0.297949364813223,-16.602625954372417
-0.5090938053115694,-0.7312545688129569,0.4853599075531901,-1.0525471918701104,0.3056655686425959,0.25473113738020947,-0.897659385275054,-1.572989257072861,-0.12887737868875357,-0.8491048509902235,-0.6374874348250117,0.9942988266876233,-178.42706888154953
1.399417926653883,-0.851180482447485,-0.2365373833685352,0.19495509241218734,0.18807335699177305,0.5106006904103135,0.665334534508875,0.15763455844094396,-0.7956551338258075,-1.3115491378986817,2.2096055760423776,-0.024129110454973405,-105.03641322907555
0.8724573282801447,-1.0700847663261526,0.650201177958661,0.7083564472993533,1.8466369960476658,-0.5640786307367284,-1.5255251709247388,-1.0212328171307132,-1.2803043986708944,-0.09917586377938291,-0.6919080698812444,0.24380071377119883,-30.44710058800655
0.9443852228353897,-1.9062366200893806,0.15165727214501756,1.3744849814275593,-0.6335895154938127,-2.9431415654717332,-0.08837328752639602,-0.31667954593424946,-1.0040796329550274,-1.0237559477078506,2.2106897260157643,0.8066764021643629,-68.97252864407766
0.15697296096843422,-2.049941278577478,-0.5865312695639355,0.1704637709965709,0.714609790636618,-0.20661127969604665,1.1590740649558977,-0.34254920085776497,0.6102161695892225,0.224216404290793,-0.336254738681072,-0.9627325652846123,15.409571530731109
-1.909197458977243,0.6091355190535136,0.4704829961291065,-0.5054897554445111,0.46425123812300356,0.05821272708505647,0.5724453061551018,-1.2858640172797149,-0.39343789627455045,1.9723444790822,0.3970466698823999,0.20885354253433172,-14.883121984980038
-1.2094769354188053,-0.7557915001583629,0.38897872935218375,-1.869816339532164,-0.1942691319785193,-0.28313889674376713,1.0487071264165635,0.45060341286253885,-0.30085974714082625,0.2514736089405121,1.6554071130882952,-1.1617838439123638,-183.15660228341247
0.7611740390516385,-0.7146641168409925,-0.12064303412983486,-0.33338005560766565,-0.18080744508722618,0.08036232596303014,-0.35991109356667156,0.0833453509750919,0.04052294231700992,-0.3498853491230032,2.031158713073231,-0.33149938829951425,6.615914500607737
0.41687306259004037,0.5755619258303651,0.6586319527905097,-1.7047859057901145,0.9954151904494745,-0.4799681461487265,-0.29505618980564213,-0.4290372480926655,-0.5159809893490795,0.2321945046423276,-0.46285628571437976,-0.24795420732788961,-75.6209334081102
-2.380739105523497,-0.9104867035315213,-1.829681815208083,-0.663436157219488,1.0371814056490503,-0.31469082878809246,-0.24402835217113436,0.5306831230100478,0.1293680067038185,0.6159670060468382,0.29471925290230155,0.03757485933586561,-158.3265717641059
-0.3054994630536529,-0.7710421571412046,-0.5973810610451429,-0.7053167239158482,1.1971785314619128,0.6443884535381822,1.000820497768414,-1.998344967144626,-0.6784947304872218,0.11041804694611956,-0.7816720723468876,0.49576557301551033,-218.11967376289712
-0.14152963733784743,-0.2376833169609843,1.598321807641033,-1.2742321190767951,0.008783654898147817,0.4877748210843382,0.07660907045165961,0.732829081821745,-0.7342333219710379,0.7335478135058658,-0.5117635579423034,1.0484826510505925,53.67243457867317
0.3740620881310435,-0.2927579187724547,0.2644816849513739,1.4968802738508562,-0.21682705022214338,-0.24072430398905076,0.5019002337006719,-0.0762390173205976,-1.7011404742672418,0.0637023597657709,-0.02881660158862331,-0.6110850624767177,-79.83512142328182
0.9826909839455139,-1.2795769667357015,1.6654744444625766,-1.7025836042378404,-1.8408742313316453,0.472597482413043,-0.6248185776956788,0.40825275571447184,0.25602973431387566,1.0143700650181304,0.026091050210833786,1.0291556373256436,247.19008152365248
-0.9193845915864234,1.9583474542205939,-2.5302875227463297,0.7479102561175338,1.100959634998571,0.23924686411114954,-1.2295495944524168,-1.9792998103757877,2.0740826697499735,-0.2860042218801108,0.4966992232365217,-1.0727430257398065,-70.29079181964069
-1.0211624575603002,-2.1272274203514954,0.47347189903522846,1.494938227453236,0.8467707752164937,0.4430021304473752,-0.099094300241269,-1.7312013034449254,0.9515497705740428,-0.26764109089879357,-0.6028206557839616,0.041325632270618466,44.38225969258861
0.7588244161636093,-0.3126684457323573,0.6963228620803235,-0.9182121665097915,-0.20866837122046583,-0.16912268564281638,0.857898825291343,-1.4961588131646497,0.07957353494216583,0.2787998123854607,0.5535695310677933,1.3227444668851356,55.005993522077176
-2.767325422602398,0.009426360563773238,2.7148169394863215,-0.2694937557039864,-0.2610087241723136,-1.661580989177992,0.30297187358728317,-0.9230723963155776,0.8603325594167204,1.5018791337963189,-0.589160387988942,-0.07627815173958268,176.07631477788033
0.9022713999434526,-0.19609321067693788,-0.4998724304108518,-0.8055266825105205,-0.23389780045359396,1.542276627661302,0.4096853437465497,0.5327832093226242,0.9943515198154235,0.5430322792896524,-0.5969935884209324,-0.2151138001704899,106.87001849300785
0.6025802679783409,2.105297429458312,-0.44565030302999453,0.8095944359718859,-0.8125457701219858,0.858139070934016,0.034887947089408566,-0.7165734884241052,-0.1231364353522676,2.0538186900865956,-1.3755108895687427,0.5308943142159493,237.31170442833172
-0.9642000714232447,1.0719298652117972,1.0800560591393102,-0.5327254982169035,0.48730523704499484,-1.357517539841935,-0.8792827824119881,0.3243402100148682,-0.9006713825124801,0.9427885141400756,0.3485951198609804,0.8396638644311888,-1.780154101512732
1.2302221756507876,0.9134737320174066,-0.5969742867210739,-1.3327773974796497,-0.41222074502447015,-0.7725687487562407,0.5376299029498797,1.2495049007061587,0.3791531187261241,-2.390304367469438,0.4281862478105761,-0.3494393272169559,-204.69608551420598
-0.027214132377857005,-0.16065328636607445,-1.4297242430303712,0.9758368916238178,-0.20316852898467888,0.056706648839265496,0.8509826785067651,-0.00836078727145676,0.4788475732177351,-1.4208939852234432,0.7573042237747472,0.5849534930864443,-87.805118767733
-1.276304416538336,-0.6141225650083162,-1.2883076174635377,-0.09791524644290406,0.1455211977682408,0.8890371222798921,0.14098269961206,0.5222506360177785,0.5737444210044131,0.2927154821418534,1.5886269280435958,2.2724347204468818,89.3369616713168
0.13906039865341766,-0.07566560432583026,-1.5769964821909972,-0.5639474880582432,-0.07397286359437803,0.07814306296964744,1.9725421767898081,1.105900424357309,0.861636124497944,-0.8028244439508423,-1.385987942398998,-0.8162172445419648,-94.0466279821473
0.135428834719957,1.2718995454239435,-0.42581799836655126,0.13259767202610107,0.47139126276499077,-1.814883829481406,0.27798244021892227,0.20786050106708062,0.29593324034609525,-1.6571435851323046,-0.8474738905650646,-1.6032168466140961,-160.13713943702305
0.5792914996010884,-0.15852957302697002,0.11958036841415326,0.3918040054025465,1.1965715016644913,0.18335991977915564,-0.02730453950993186,-0.5462444482524828,-0.015309849172995557,-0.9730689408815555,-0.933267959073196,-1.4789115687741288,-121.30045844504257
-0.9049478329380662,0.11410149222651991,-1.8070413949318163,1.1622595975056669,-0.04626121726634254,0.8949105560268252,0.06188335288713521,0.1675701058009903,-1.6320148850264173,-0.27484530066979224,-0.927553330811728,-0.5395912207371316,-280.4045100371289
-1.2110161997624567,-0.38455554422982535,-0.6518361078021592,-0.9043166251044086,-0.8604133652839524,-1.6615200622689599,1.0062928092144405,0.25972250172148187,-0.06607979864731657,0.047398671316414016,-0.5768918695231487,0.6385924587773739,-94.43736495604401
1.6722659040975276,-0.35077820560155415,-0.7373799034979586,1.3924559414830675,-2.2660520941492828,-1.5004765491630017,-0.22771961483575284,-2.4036686011005304,-1.4787771238462857,-0.8341848487326238,0.7154930967694852,0.6722934080404022,-157.3495562448319
-2.6307301368290634,0.24353020418634463,0.38837572923016833,1.638359732270941,-0.514782674914742,0.3116528560047783,-0.06040372919690829,0.6188862980231536,-1.5189108250900678,-0.09482423128087224,1.1277802506338985,0.38130961226478466,-153.40902046302992
-0.07783719701280203,-0.7517910500951843,-0.18047991359062565,-0.2523535021262876,0.29875290836568624,-1.563190808696657,-0.4263575962055433,0.3230792731160291,0.883109777147159,3.193107567844861,1.1484457091967548,-0.2918112689155441,369.2205638412353
-1.5958939685741134,-0.4194347526585506,-0.7390286580232329,-0.05739536507403601,1.4273053642892164,-0.7079109406740753,0.7564883543160984,0.5070202721353568,-0.262746747686504,0.6523303381766798,-1.9140600705874673,-1.395448504755072,-149.01950294713353
-1.6624919880356743,-0.4108142879545848,1.0325462043416573,0.8108082731597821,-1.0909664302151982,-1.7485319732381808,-1.1057046684859357,-0.1343087414705478,1.3043402428781525,1.1267051368275833,-0.21492103028873533,0.793488720552213,270.4437576948459
0.43221669075925395,1.3739143852114495,-0.6813802350695739,0.23286808742689824,0.993782214530439,-1.014479726707414,-0.8523867660741036,-1.2445425000847228,-1.340072071123935,0.9678260240252041,0.4753656106920102,-0.6080061429373236,-81.09858294018798
-1.9080021371233076,0.7105491022977853,-0.39305275706140097,0.8496119885162131,1.3934545275244314,0.5825713188088052,0.42934082280173436,0.14304876987895235,-0.7999405067019342,1.00163182520856,0.3796396483859655,0.6928575842374367,-10.234897727503538
0.42896794854851705,-0.263423635119504,0.3387581622803661,-0.3712573706703938,-0.06828620776429063,-0.3869294465999474,-0.30226939208252646,-2.1564453770050327,1.7379849851235203,-0.12839826591760886,0.5308671620671488,0.981149715570353,142.66288928721445
-0.651356893791829,0.02127157673606165,-0.5286166817497568,1.173473857485325,1.2382830714336357,-1.2968319479558466,0.3088330125989638,0.6628812686674127,0.3996879517526416,0.5863640187550933,1.702214944635238,0.18102155870370695,157.11138222560692
0.9647698943024456,1.0831452126607344,1.299987372262134,-0.4598592623151402,-1.7941918665494363,-1.3011092663913453,-1.8385186232720707,1.4465632912513675,-0.4289807173724197,0.960305168086668,0.8981173241223475,-0.4296349785275087,198.13299612065967
1.321304032273012,1.0075136898369221,1.4196030045136372,-0.6475418056351592,-1.8665399513606162,-0.181224173218103,-0.684629825760004,-0.3583401520212222,-0.649373038321426,-0.6004235657387051,0.7906255991627686,0.7441919714999368,14.64595806120781
0.008556080824349832,0.5044832563830169,-1.5708814571259122,0.5199021395287525,-0.6108576398050658,0.4197056083572659,-1.5630343065712535,-1.3734028889697492,0.27658150559104877,1.355572935710348,-1.1794596645077804,1.8688178405438531,174.88904117905327
2.463242112485286,-1.168678037619532,-0.19236096478112252,-0.07444591576616721,-0.03471176970524331,-0.026513875449216878,1.1428228145150205,0.25755039072276437,0.06023020994102644,0.30154734233361247,0.7519330326867741,-1.9187712152990415,66.16396535491889
1.1792631585792293,0.432850402519974,0.7911400043558836,-0.4225684190212185,-1.178179687334277,0.24140911637004694,1.110753172414642,-0.5946729871621688,0.32525167585434406,-0.28479555664743317,0.7551849738039433,-1.3124886903363124,11.696330195902073
-0.0657502610729878,-2.198805956620082,-0.5551995266931984,-1.5231869047837747,-1.448013900416244,0.37721187506452086,0.4400144500533324,1.1950466289248425,1.5655240292343404,1.8811570694405901,-0.5020542243526112,-0.5589218472715883,269.5452564704635
1.1364555743248452,-0.03756350936619123,0.10311792571720485,0.7985013379072202,-0.9728278925829571,-0.31178557325602474,0.569758919704179,-2.0591604836923203,1.2523463622980082,-0.45144539032493364,-0.32417686104064125,0.8766058798421794,148.27663440861062
-0.28815603051111766,0.15060249284463378,0.18301292831148205,-0.48915617518421617,0.10527862390967795,0.4664445968402613,-1.5030468593574806,-0.42369071691067595,0.07904780215027922,-0.9915270411046322,0.995693754370362,-0.5379785288219551,-156.72773535734143
-0.1373109657888796,-1.0955193888455623,0.9577916144729056,-1.890010171182943,0.30767665340111383,-1.0398065310268843,-0.8807540896027302,-0.24269874782528175,-0.6076463453734726,0.20760335140062577,1.798725018351312,-0.4547947173776929,-149.33336678258428
-1.6239178425699672,1.598110895751759,0.7631423007096569,-0.7474292532492047,0.12437612230092951,1.3079641925493437,0.21671964212288297,-0.17444393428528215,0.5546387081318072,0.9224811702331092,-1.4168235279491899,-1.331913110391086,12.116271582861494
-0.5289467627246989,-0.007688995721369474,0.9573048225935312,0.6078403387350085,1.2334060763526695,0.7163400805404107,-0.38787578186246957,-1.2395880125250283,2.3246989143234176,-0.10609063534142033,1.306072203871629,1.1013301648895504,261.5569952825757
1.228030209608135,-0.5998213939170615,-0.3348029874445019,-0.5180690194750568,-0.5667051080550528,-0.6314370274831833,-0.657134962278058,-2.2235741679371968,1.243405797187162,-1.793921113191963,-0.6977189038982449,-0.3009803123932219,-106.16576922606887
0.7834656483247346,0.011369908798494166,0.7082662196573998,1.2364895121841768,1.889282454250252,-0.49920199827593026,0.4261565596461849,1.0945624546137955,-0.7184839851611164,0.7756752996156893,-0.9803882514834749,1.8701386928213053,253.00624484750614
1.5894412835616984,-1.3845180194249966,0.2839110587363809,-1.601181198811573,-0.397548696545778,1.4846418618765076,0.9877285159245996,-1.0272518875051289,-1.0263536223898961,-0.007062904550829715,-0.7756063614376031,0.6255913025065598,-92.85102565058989
-0.7101366068373821,-0.27583995989645654,-2.1146935990737354,0.22525668198359955,0.06323214651310118,-0.2990690852300549,-1.1586032636594852,-1.2039136489663802,0.6792938199823493,-0.42390107233259605,-1.8156489758788175,0.629360633428892,-147.82754577029488
1.3800913541474515,0.2606737658239071,-0.6255627015095294,0.8836599374866724,0.4940301862827388,-1.5763921569842494,-0.5503051538454201,-0.17262729994081963,1.4765403497258958,0.39580353343740904,-0.6716233679380516,0.6523228784134196,304.93894772243715
-0.7136288932044673,0.5930540502830212,-0.5439834133726836,1.2762639878735544,-1.3853605184444944,0.01823099713711716,-0.38850706711885274,-0.18716554786386091,-0.019530389467102203,0.42737604547079716,0.8255570748695653,0.37120676347005876,78.20877829888846
0.6007330151455916,-1.4846047919196528,-0.906215332047211,1.1711019716695594,0.3137231828969071,1.2892030514068733,0.6082671663441893,1.3106059128134633,-0.31815850161792886,0.14197991387400533,1.3459350078383152,-1.2565653359454354,45.7220284079611
1.2368324661272665,-0.4466430468146064,-0.5403763389870544,2.0773434395699533,-0.3984452749893668,0.07964958261392499,0.6122698101053926,0.6436687530224908,-3.8366555484593694,-0.8014839218310068,-1.5594357791262254,2.206468979884672,-172.5373839138305
0.18334200573835174,-0.5993926454440222,2.1898029332176723,0.9592708260852069,-0.8397218421807761,-0.7673475628880495,-2.123895724309807,1.4511436077950417,0.8723206367206782,-0.8082982853551515,-0.525755021680761,2.1531824575115563,304.8851940338145
0.0017948728781070852,0.5198710181019115,0.1177074184609581,0.1664931271151245,2.710331644334893,0.24347507713677022,0.21000830802258905,0.3726481864800551,-0.40415715947930275,-1.671761273328167,0.6151639842785803,1.542736367279776,-72.18768287331321
0.6621306745210467,-1.9520877995225019,1.586016816145352,-0.6002168771587947,2.1330333746562666,-0.3853135968617602,-0.15178509503558332,0.19905969557347003,0.11351734525124804,-1.237815498826849,0.5883172064845765,0.06980208499001891,-44.0530451743656
0.39913611435207086,0.1503017614618776,-0.037634702424848364,1.6964563682900382,0.11422764866203965,-0.09671311187039239,-0.36361221221385587,-2.081929407883722,-0.5449190868089497,1.1033018820165215,-0.056945623721067457,0.2110174672026184,93.17793101069941
0.1722543864110375,0.7608466543114778,0.6715311717290534,-0.33638694541113623,0.8875039674140593,0.46248362406685406,0.06008599461516361,-0.26265952031616774,-1.1793691216326172,1.5280313593878327,0.3883120054234496,0.9603047962814704,57.146856100911016
0.9837360439035638,-0.7287901963773834,-1.3387237061355735,0.6097377233367051,-0.8507827486281534,-1.9495901727260327,-0.48171705093552597,0.6887127445547695,0.6672189393045282,-0.885668184006416,0.24260281305494147,1.419064413357521,86.23644276669299
1.5184220306521798,-1.841919078931543,0.4202685290565615,0.21498281745454795,0.6069426083866378,0.6769940973750542,1.3048347633193296,0.3149718715553322,0.19286184315019064,1.3049626887904189,0.1351762413426691,1.1234272870957618,324.300405211298
1.2025765052252275,-0.8424326301263264,0.1799143695464168,-0.2569451251217815,-0.10199471663593199,2.068226041505824,0.750872779401332,-1.0560307999666676,-1.397805478424297,0.8378305352294807,0.6544310271056212,0.30783237251388496,-39.589901138003725
-1.874865655501711,-1.3395179235650372,0.5220206351107666,-0.9913343922342502,-0.19280608730741247,0.23671712102639317,-0.8516172401867081,0.37086779247102475,0.6785496546210517,-0.5432015003763371,0.9661253255303113,-0.9658267708959641,-147.0511087996444
-0.7837535211244283,0.20438903160297678,1.7349365758368085,1.197246923645228,-0.5555467794868666,-0.7094410024275466,-1.2021495260760888,0.42548993324023027,-0.2885486958757048,-0.8567720938267928,-0.39568071175626385,-1.371673697230466,-24.908544411133445
-0.1599385299634271,-0.2886586389201383,-0.01901620790268883,-0.21344715171184725,-0.01851313599238993,1.475356216949552,0.3227185603380895,-0.718444221252436,0.8576596232020194,-1.0025293646378088,-0.827230943552323,0.3109075655980046,-89.8987239070219
1.6232566905280539,-0.5691481986725339,1.9913704184169045,0.6230873478890951,1.5904035685736386,0.48630999335022157,-0.7971135662249808,1.6533096371785305,-0.9984408528767182,0.3929135105482163,0.04092474872892285,0.23985774584929662,230.199345023115
-0.9539394193966448,0.5844129804724842,-0.4070363129267805,0.8925973382993092,0.10589445311523424,0.7307641190665245,1.9764405845154855,-1.9701038177118355,0.014273067836434106,0.6863184569567008,-1.5642416117110514,-1.2111719292807812,-64.37490939931371
1.1966271208272423,-0.6886944334452347,1.5161161803550431,0.21411098228613354,0.010021151740569072,0.05517063787146392,-0.3109714664860723,0.291732725378309,-0.0006084823222894505,-1.5075529446334208,0.40251620973532143,0.4891305566492876,37.96837230327166
1.117933822727152,-0.39320100368219,-1.1693152650864689,0.7528910814937849,-1.7324945949673274,-0.8251658997455379,0.034204684538075444,-0.17868088760798354,0.22623808866742148,-0.15014783201743892,-0.8546246417550657,-0.6149441025160431,12.695390438691833
-0.29954941119919215,0.38767987903284645,0.0021835908370359453,0.23773172790598612,-0.4625329663133788,0.023980019015592963,-1.2774366038453426,-0.32461967439794126,-0.7506268219767557,-1.3750852331670849,1.1565816515942398,0.10307822153084817,-238.52854930381395
0.07758538948639096,-0.16176728116566902,1.3967601773984912,-0.21224430983993056,0.031063426398931438,0.021222650834258405,0.33086702840635124,1.3914579669559421,-0.9345938948984711,0.4449683153761758,0.7497666284891851,0.03277363755578143,65.41637700246707
0.1353383478922909,2.0420696529278803,0.9944473755089074,0.22327083592026087,-2.3716593608588923,-0.5460417988167212,0.2952799406208684,-0.6724855960063362,-1.0921212003485672,0.6460061871145515,-0.7764991404930003,-1.7422216926352752,-71.41741278580385
-1.060605066396601,-2.1056469418403245,-0.7170161491279362,-0.218653277435036,0.9778155496862003,-0.08087849786546131,1.1535903433169254,-0.4545477187434442,0.05225849049748321,-1.2845842656999693,1.3863493972628433,-0.09139955750911445,-255.62950832098375
0.7719201548366751,-1.8579014513982872,0.44130715169924584,2.8684030556667683,0.22899639245934025,1.0587285298838789,0.6032475005713938,0.012499321907250335,-0.17280173739646437,-0.7331561971099966,0.29815846599052565,-1.6685992588781953,75.96725913929819
0.6467439354186445,0.5245846830476146,0.08286484186899613,1.0813169577685364,-0.029803781851440635,-0.8447029987029827,-0.3360666965057405,0.8656746511673697,1.315821840016223,0.4733366755549671,0.2688049344392308,-0.8378230611677818,278.89428690349064
0.3933070500053236,0.19484234027013805,-0.7380570836613916,-0.4151002889633696,0.46027162498230384,2.814654444472553,-1.0196953197088567,0.9324348709546673,-0.10434279298689192,0.1812511626020504,0.2063617713254507,0.7007006121205837,57.03374299915717
-1.3223474346832955,-0.4551989048161591,0.4090649383340571,1.0306598082415594,-1.349925637861273,-0.8059917310594155,-1.3472539175813492,-0.0115150880766451,-0.526555133136702,0.6666278834568907,-0.8987998102438376,1.0947985022273252,71.48994692766779
0.563673654270156,-0.056836852206949735,-0.26867787752495675,-0.370036612568197,-2.1797886613902455,-0.5902219663056348,-1.6795027929134034,-1.1534825308886436,-0.08187417719083905,0.3476735422449994,-1.2083035156593327,-3.321114555589139,-146.65690556201523
0.3362629511858955,-0.9501045691456493,0.29003780305390187,-2.9086607444805037,0.596081494132487,-0.9156322963584598,-1.218176066807319,1.3163448375195195,-0.8197150228673898,0.3939905721750079,0.39631968200786294,-1.222750278738175,-180.35655217919617
0.48387665118803974,-0.3078084711388841,-1.1022921498364233,-0.23052462518025083,0.4086073077017676,0.1941076309533577,-0.838585798447231,-0.7179188907476018,-0.5312142946075985,0.681359510442948,-0.8866809222834573,1.1797252083607102,3.1350659394734803
0.5885532697707198,-1.3631740045928105,-1.5981243518837476,1.5334337012963255,2.0243096232868525,-0.2666523292344148,0.18970616761039566,-2.211861911329507,-0.42924442029866183,0.46217266608194285,-0.6619821777966091,-1.423957152450145,-90.65431486354996
0.19731341229026655,-0.22572263161213502,0.7735476151070181,-0.5416207633091875,-0.34034048288290325,-0.5831228313242981,0.45564691008859476,-0.31830101410433403,0.48674150215806,-1.0509411661889605,-0.7932211972070344,-0.08701522331813741,-36.104377406952
-0.24584831744398336,0.07166855388024412,-1.3376741860876842,1.1529132562048097,0.5692893232700639,0.39329513816648076,-0.24237545810511135,-0.9939209291753933,1.1064571522946443,0.612171618618584,0.9622105785810979,1.900649041722087,162.34270507891955
1.2724833308487593,0.14561699682689125,-1.560170825129944,-1.4120756063156303,-0.4112604304834833,0.9661396608610485,-1.89203357248567,-0.09512487755346981,-1.1283415702657829,2.1173241443709534,-0.06213606646930852,0.1654915641331403,11.737874267314002
-0.031203488939083975,0.5925672738473307,0.018016872044446585,-0.3202978045366419,-1.3668583632808264,0.36064789143579495,-2.704391631602775,-2.077811819856197,-0.863493604964934,0.47263034584340563,-0.6298845523638104,1.643378155804534,-71.97990482257708
-0.5382371300747891,-1.0002705227767883,-0.9844130461752121,-1.1084970907967833,1.5083107487475504,0.3367122954206112,-0.412420069849907,-2.2912928068840652,-0.5181340566668573,-3.2325654325124336,-1.4548921652893105,-1.5703258142530165,-624.8037244874564
1.0219631550600035,-0.34319156868671197,0.7331793174225577,-1.2295262512173861,-0.9906232233772576,-0.49987103450503223,0.7589816954601127,-1.2628647537281779,-0.3410929321416082,1.378142680497613,0.44807834101289173,0.10722928841915275,73.57066363685306
-0.23655528721894603,-0.6085897232397004,1.1356201471829441,1.52100622715938,-0.8245141615276735,1.7473631979155582,-0.5289777080640152,0.46667098196608103,0.9321915642603847,-1.1062935124116342,-1.0565576427602528,-0.9489165208248372,61.10489515290976
-0.24268127681203333,1.6284685547723217,-1.0263692076658921,-0.14896930976729691,-0.9647054257507148,1.7963608229269636,-0.28438464960650933,-1.365824155415439,0.7060789138151315,1.23000057271915,1.5905820726178503,0.5027844268951942,95.95447665573089
-0.4502018916658434,-0.3198262778887562,0.07386343441088038,1.1277880271116458,-1.3404886413664368,-0.7934597298834714,0.14431001943507885,-0.057836612377593744,-0.9250846204786352,1.193586535476262,-1.8337057676294346,0.11397066812777235,80.64057631437552
0.094621044669358,0.13949779614745886,-1.625544033562061,0.5911361179239325,0.29746205311781654,1.9422455947562995,-0.28483693774220137,-0.13808233466148176,-1.7472216669652556,-2.5065715705367166,-0.10619409003975315,-0.10697146985848006,-443.1559411405702
-0.8946073022195039,0.19655477651157463,-0.18687164416135904,-0.30917212346863937,1.4469778843537329,-0.4787486216634773,1.0318445394686349,-0.4344962274323156,1.2557561255735208,-0.4397310582741749,-1.485560373036972,0.22213377163371284,9.191512476781988
0.19473619471877485,0.9475264621228578,-0.018708756445897416,1.1337700968670645,1.1241127199860135,-2.9403886346642802,-0.7728776678236091,-0.194908280352681,0.655900776529761,-0.38851845308888583,0.4070522871245351,0.5935567222808619,76.193369057175
0.29551169159033874,-0.6274207344263732,-0.5587958188849573,0.19540322128332027,-0.33781509419140304,-0.3532641354381582,1.2288565502005595,-2.245585897565163,-0.22549342333463607,-0.31207193205273287,0.4610780322964351,1.9186063338762078,-54.21609855128097
-0.5737031442926516,1.366214785205788,-0.04798579485058113,0.005205261894946381,0.3162737802597137,-1.063258686531278,0.28092849694782634,-2.729404384923734,-0.5532410018397994,-1.3673264612849558,0.808988609229009,-0.4596052987574804,-326.83731469259516
2.0102045387663496,-0.7309300399419191,-0.1769472274940494,-0.38770155993598415,-1.3793192280145272,0.334456789987025,-0.033126972873797095,-0.6127886904843862,0.6585442726728304,-0.7982972445384537,1.7945578635177877,0.28586539072490497,83.0076769106567
-1.4092157980245135,-1.574341717731963,-1.532598234597762,0.7531899497325488,1.1494873640103684,-0.3386690538837576,0.4076897368371771,-1.6102631187918002,1.46644239118858,0.26930618956233815,0.5809995399616921,-1.0820177850419361,-46.975139159401095
0.15682301609819319,1.15469376671672,0.28123049221860413,0.06502463118878012,-1.2703620463250862,-0.8438538774248993,2.3674143640271215,0.13965167421589658,-1.743672602396536,1.489599409447649,-0.3777648875224771,0.813280406064593,-7.082312262199707
0.5011292760645764,-0.72839031324171,-0.48663118818926915,-0.7843209703002557,0.06338339263771817,-0.23450753514589096,-0.9125881981776266,-1.0706664061901783,1.5891473016364572,-0.01020560039093268,0.7013898938094993,0.6884959745615665,113.3222348075984
1.7305179518279585,-0.033068001361767865,0.5399509007551029,-1.0581464312944115,1.323340922489938,1.5623545093732296,0.22084177029035232,-0.552924016236234,0.8889877491836431,-0.42999140861483903,-0.042824379075518997,-1.177031631453071,23.624911368420378
-0.048088507330772585,-0.6273134459513029,-0.18315047105329468,-0.535316712567659,1.1806409124521446,1.9351540400602292,0.04522270899998256,0.4961991873633163,0.8155010224442626,-0.35667313417987123,0.05119790188108534,0.5114995753618614,62.1228964902383
-0.03227689410261781,-0.3278064598765229,-0.08708472614314992,-1.1966655922843958,0.5207561203587112,1.3701018536103708,-1.426018117120452,0.012223548415169466,1.1992995729215856,1.879874549421008,0.39387321816474324,-0.26556051251854124,193.4238552056957
1.030919338366907,-0.05585218265281086,-0.2880627983512786,0.5704873308635735,-0.11356256479045149,1.4980117703044276,-0.3773865174622099,1.277856655030514,-0.3128364730515222,0.43102295801089313,1.3448540311806945,0.10172320847176979,147.6074177011322
0.2992925804064919,-0.7534178703461835,1.301741289398798,-0.48791140814570266,0.032004149065766624,-0.6057149230033384,0.4599721429391164,0.6779258713392691,0.742095372009307,1.5615111967268527,-0.6777153697521061,2.1573082132655035,385.49604734132237
1.0490092258368893,0.6060099513456396,-0.7043436905427592,-1.251113576385303,-1.5566291735239037,-0.18490213644298903,-1.280429352496283,0.326133022242118,-0.5227230205190395,-1.4084612963635597,1.7547941819843647,0.924027019206901,-175.623388172134
-0.2916937497932768,-1.0577109289559004,-0.6017066122293969,0.11092258970986608,-0.013497224737933921,0.37569801834567196,0.822544912103189,-0.5443827245251827,-0.600638689918805,1.8522781845089378,-1.2208436499710222,-1.1509935774223028,-3.3531202402526503
1.5246385964827562,0.49911050679894126,-2.8019115694878916,1.2687138945765704,-1.4266492108103472,-0.37962449667683384,0.12792720237457925,-2.19750100526203,0.8571583884232884,0.43426364992207156,0.6357265264405499,0.19022322184489376,67.44489826864714
1.0800480657146485,0.8527736751222195,-0.4473218956587512,-1.4382779783173667,0.0678555105274033,-0.668144085538994,0.48473281729447476,0.11327041053776446,1.8732977762175456,1.281016361735113,-0.8463566549908735,0.9192289345752035,338.4059084904974
1.7041055162554912,-0.36650702036805183,1.2468917155347194,0.8451579711843216,0.9514492770580866,-1.405189846803575,-1.703871586826719,-0.2788833941507565,-0.05240445057746945,-0.062004009366031745,-0.9244659881295544,-0.04889718347410554,192.72238958010217
0.20165290512925463,0.08108254290082371,-1.0299722747769358,0.5016850451687882,-1.0736886589177526,0.07811773523601635,-0.4806479414882414,1.0287689914234805,0.40023585552677515,0.04607922163315134,2.5393816227828614,0.2483251425158822,91.58135515517544
0.8219214824159002,0.12301867352675562,1.68076571338819,-1.4144630113663208,-0.8180021847417462,1.2377381057492252,-0.5505339682007013,-0.5461661042180197,-1.1182319393560314,-0.0022462017571209794,-0.6167301099564017,0.7229969346243232,-101.55296859182569
0.1612995426626951,-0.8607291633953384,0.6441237678501087,-1.8734413039546167,-1.7523770951409967,-1.0990447515548727,0.6723893376113824,0.7978507013821389,1.25228366195664,0.08198881382471937,0.166655817359844,0.6458904202758925,99.40761659886735
-0.6248346184344824,0.023385214658507663,-1.101286489839828,0.3323723332239848,1.0073043574732625,0.4539052294413472,-0.8644267053357196,-0.7865720915578501,-0.8857137997996899,0.7321512260547355,1.5895230361038624,-1.7555055887046276,-193.337707710477
-1.631067625194979,0.9165676137777012,-0.7411626686348293,-0.30746090001514215,1.5803397708229694,0.07488758437155775,1.0574272871141361,-1.5722305440781297,-1.2465619661594265,0.807739555984151,-0.08081557316355767,0.3899455993834367,-231.45394194690857
1.0725073373098022,-1.9663565893760018,-0.3649527295428853,0.26859227886325693,-1.0448091940210336,0.5078357562896237,2.056207129940322,0.0570131248970845,0.538296079049633,-0.8392096673390064,-1.1032083657216831,1.5284684264125317,97.27833140412628
0.7271679888921005,1.3227032199889794,0.06589160860223994,0.3924560184705202,-0.26776551872484483,-1.2094353289590587,0.17557408492582183,-0.4326595133965921,1.2428268933268276,1.6651423825437814,-1.0247507500763902,-0.9261632634832083,320.96638971177623
0.3975277565731539,0.5069157201363107,0.01342048538846011,0.21740585272700344,-0.9544386262909633,0.009395354575849457,-0.04020473453637896,1.2724283828165954,1.056288483746123,-0.013283088959019524,-0.5019919601812046,0.8549039226364025,179.57754701157745
0.5477389787375606,-0.7223474046150294,-0.705537947278461,-0.5208929039037633,0.6568987063196474,-0.23457902961918758,0.05990977407950356,0.046637366565965746,0.6882597107724135,-0.8460396726276345,0.12375464252427706,-0.8343736122951215,-102.93027443393612
-0.3574150481706999,-0.13954204292790354,0.9530094982140498,-0.546407619463673,0.46041564984282407,1.0507742904721133,0.25678325732472285,-0.9384671057410849,-1.162938986852913,-0.29987747449661223,-0.22847254380954055,-0.2822405919232288,-230.71504539656786
-0.5152183938082427,-1.5975991695954321,1.5301951988633513,-2.6031370878272986,-0.9245641143780999,-0.06418416128881928,-0.3270173176097711,-0.3021805869826214,-1.0105982199289134,0.664927162301741,-0.21345677935043825,-0.3613105619672905,-185.7679376962306
0.20394385751599503,-0.6008871758538126,0.1929896417729295,1.0714759302545598,-1.5649738934417794,0.32324718753356224,0.8226824265741438,-0.45767699298843306,-1.5475697941363111,1.6764549619146627,0.33531725639730775,-1.1097501278882742,35.856478427747774
-0.11806852699107874,-0.022868062298882122,-2.1218548990085946,1.3175975356079597,1.2969945465611092,1.1398785611290454,-0.9993022322949108,0.1684609762696143,1.3171150673398653,-0.6078219870944325,-0.5047749212282174,-1.0065425652796411,27.716040603122266
1.4717088983618904,0.5951311859137686,0.17769804579023982,-1.3369779581405543,-0.7113199105465682,-0.32832094269055984,1.298693290993424,-0.14963594425179252,-0.05008059885646664,-0.7946591841458039,0.28191802075105005,-0.012365938242364536,-19.542834398855724
0.163427820386131,0.18606843247054689,-0.5972789358462477,1.6047350122948532,-1.3070983443991324,0.32982306086851004,0.5615734705711045,-2.9469042192840145,-0.0617760622705607,0.6165793523072711,-0.198669133822903,0.49100394595775343,56.24245176138015
0.1697477679706617,-0.10198665459367798,-0.8464978028689073,-0.8228559015184324,-0.7554988831339492,0.8179815444538614,1.4469441463869799,0.662536033398613,0.396366956467351,0.6079475670057539,-0.6608342358101458,-1.039220163990766,-29.23760494798686
-2.4238793266289567,0.42545756178496474,-1.5839028234857233,-0.6526239793023909,0.7858001586508322,-1.889540730945531,-0.966976143129213,0.8406435489887241,-0.4523063192490767,0.7604146561442974,-0.047711356141979855,-0.4461834332147797,-248.49407079146292
-0.40436199269002276,0.5852994365163381,-0.6862791357550845,0.17618982250269238,0.1458364702153839,0.1979166673420755,0.5148835960763722,0.15712791899094083,-0.6074722876203072,-1.4326712897396527,0.8199252526352343,-0.6668487169515637,-283.5141707224635
-0.8776173568629051,0.33323053499002175,0.33271932958518796,-0.29969605666431426,-0.24733596389641815,-0.04779925038478981,1.2991498205476675,-0.7617603706826457,-0.726774137833843,-1.333148008477209,0.6675480803699957,1.5758758095019694,-181.1560288597632
1.438169201145702,-1.431354847054427,0.1652400500649252,1.17841931756372,1.6372116447028533,-1.235703022049409,-1.2855991140527723,-0.7140651179821788,-0.1720413592654725,0.012521864329786338,-1.615846470966832,-0.29951503754747755,68.72301728109835
-0.8140106692915557,1.3369690735559603,-0.3656770825305199,-1.2855910007560276,0.521449399059529,-1.4338058239284144,-0.08225369967145317,0.11683017417218379,0.33011379047094364,0.504270748038384,0.3064508629633407,0.8800659629573423,-28.858179466748794
-0.35368575956700604,1.669922781404639,-1.2324312391640002,0.21049629892150362,1.689188933651679,2.5009004979342815,1.2239487531460047,1.315508290940104,-1.0556394897985963,0.9524619705361694,-0.19762046779596562,-0.16041938197534772,-17.355721983038578
0.5008444749444569,-0.620847598251116,-1.801057734152739,0.14294309476370676,-0.7877837519082389,2.2313001461926323,-0.1681438185847896,-1.1939250063990554,0.6380511014407572,-0.5426737997340217,-0.47209057769712737,1.732514999485092,-4.9216468064433485
-0.3700224658372443,0.8353334353648353,-0.2793502470569215,-1.2672766883727302,-0.08119318413546972,0.321652659591586,0.33607541250534645,-0.8420986897213886,0.3987128017903442,-0.37093110360766823,0.5001128296208667,0.8261456160405156,-77.53400187740247
-0.40463852004094636,0.38420922164946225,-1.2243872733579544,1.3558053394315013,1.734041954422619,-0.9073265593722656,0.10776005545254295,-0.3894035615253766,0.5586952829218191,-0.8927733072761507,-0.24989373581204613,-0.03494150045863278,-15.4440221585512
0.40429475496169764,1.192507512477975,1.235782191822154,-0.42076179368105326,0.6802161054504494,0.19894814679649453,-1.7785875840065168,0.8868873900973003,0.4367385517335095,-1.0710536796490489,0.31965182591897723,-2.6042138566271342,-96.36478553064404
-0.9571509148950429,-0.7584953347000695,0.34378788154988543,-1.3260476860820383,0.03279699541158651,0.26028050658288615,-0.23040071420576733,-0.35976864578908574,-0.9637589262106109,-0.04865235157045115,-0.9242331442683044,-0.413465161123276,-227.33075504989705
-0.3345012358409484,0.40498171096095553,-0.4749453111609562,-0.11473644146689901,1.7654542402810969,0.8657551941701215,-1.2608839543350452,-0.7925207384327007,-1.2002964070557762,-0.6533292325737119,0.9178619470547761,0.5049872789804571,-263.18274673707475
-0.5092133625991345,0.35947579754712555,-0.8463597198869729,0.30698107268623775,-0.47875857152168855,-0.3428788615575641,2.3490757867007575,-0.009288561567815747,0.2783486346446696,-0.5849076534177698,-0.7160434362758403,1.813407698515423,-9.5207254731935
0.6308116845547775,0.5820977034686158,-1.024186824329205,-1.86653661707306,1.221033695525353,-0.12174750838328353,-0.22648409884983192,-0.7168223206028049,1.513449743242131,1.8540925663341883,-0.9594392367234797,-0.08268068584269925,166.95214973585874
-0.9243573336303755,-0.05796399966830253,-0.4509940170293094,-1.556951086706478,-0.7725421118422359,-1.4228769078115544,-1.5138305012448536,0.2023833705986952,0.4612720843178312,0.2939493879431622,0.6308756035961556,0.03971382171963468,-87.47491025522055
-0.7908993816675531,-0.41521376790527154,-0.7798529462216388,-0.7191094514491859,-1.3495762115515322,0.000682818957482628,0.03402741107223205,-0.8239354869719996,0.7821300015314592,1.0819848092499422,0.11137260184005242,2.049812095785926,129.5554652655739
-0.9943493746085122,0.7846042878980238,-2.5623336587953105,-1.0021874557814727,2.412615421612916,-0.5132135664715852,-0.01926037973439464,0.04091917539572113,-0.22859991534001858,-0.19102776260016902,-0.2628908292082677,0.7408243454201259,-230.84283786693624
-1.6744694604532453,1.3621324036850793,-0.1090234199634638,0.26859358104429787,0.16058943317175978,1.1969109487613523,-0.23644883673585937,0.033719054901053244,-0.5968947847319713,0.03437530902646009,-0.11961962436877134,-1.1148221873524142,-210.96295670737626
0.3336621052869483,-0.9787637157823074,1.0375399442578992,-0.8560838259088672,-0.26987493529337125,-0.4776574467651167,-0.4442932600761116,0.8303358165442456,0.47897982574639186,-0.510016398854747,0.3773004930448522,0.07156623721939247,82.16080363743754
0.305085404706753,0.20073854075838948,-0.40011966130113097,-0.9807648436625377,1.4056475975079636,1.5991232408367342,-2.102600691921022,-2.4581694305490185,0.6731336922329685,-0.5831657172559563,-0.6735396478972429,-0.11365684249904019,-164.77390517647927
-0.2134326970879245,0.43737267417966835,0.4685312569051241,-0.1088486250691617,1.2322042374139113,-1.3099765543749995,-0.5638483318598599,0.07142083258109318,-2.2832386346150395,0.15226937580750002,-2.3254201541396804,1.032974234914031,-173.27684731348725
-1.1907458007366716,-0.6005066354139633,-0.46039233265665513,-1.5285912962592862,0.27361458116570514,-1.1152172279709192,1.0692837063951832,-0.3317787717721222,-0.7931346636139368,-0.027969414486982293,-0.20820525798996595,0.310539637914204,-264.0848932640239
-0.6500239344068982,-1.0039573720814985,-0.08343796979036086,1.0352493347237526,-0.9218598131253132,-0.92951086019241,0.20726732939894396,0.8901984111247868,-1.496529255090079,-1.44964521969853,0.06934433703625043,-1.8461878622380938,-304.0114654078797
1.179942130038464,2.059845001737402,0.731898069234381,-2.0807405253909783,0.8007019475455768,-0.9367952349593828,0.5587238369444854,1.605619832565118,-1.372079187269614,1.25451870238119,-0.15647737612315848,1.2058184207160432,88.65865479275887
0.749698021444869,-0.09860839900467729,-0.7586652015427723,0.6280786969002486,1.1263934497220656,1.5498186063283395,2.001922459248361,0.6037330161902218,0.5136092944152219,0.6223791184731187,0.04406463491293769,-1.6612044051839225,119.88235771914987
1.0941915184709485,-0.42688106994742003,-1.6924646297148194,-0.5112156764311852,-0.15800789857898942,-0.12578692009964815,-1.0121043752601675,1.593186626639397,0.055724912288694604,1.5295503194606137,-1.6548566718657693,-0.9896048202585809,106.03816212076032
-0.748811671023577,-0.9172616421772875,0.6632733812644779,-1.0777439349303435,0.47758881955300486,0.2257880340855212,-0.367114170072311,-0.5442744329245381,-1.2814909728688244,2.602479874874313,0.03158900615257829,-0.8043615017626171,9.982140161559803
1.0815140862997412,-2.5222779174879504,0.03754184148682145,-1.5202867922406096,-0.07022036151761657,1.0067300712270648,-0.15196738231603887,-1.3990784281844755,-1.571152351117883,1.0918053390746456,1.06014381867127,0.45096263477647686,-133.40717441429388
0.8594142547594531,2.171192861062495,1.4554013377261916,-1.133042347377462,-0.18657325305536468,1.0750212145109097,1.4443434119799452,-0.5060892911918885,-0.004262937643876164,-0.588018519036967,-1.6724045258123525,-0.22467990162987012,-62.946299748002225
0.24523584789423636,-0.007674063684503472,0.9496414986165338,-0.8866391692045981,0.6776371019248881,-1.1785727847701737,0.8519290707908426,1.434001003730461,1.4043162819949524,-1.715093347182539,0.9148677980978497,0.6727567871994219,63.46339013781788
-0.07296943188127829,-0.16003867357934443,-0.18173353761590585,0.14342893703732443,-1.894581150472303,-0.39222961134402384,0.32548511232461763,0.9719303434406339,1.67817992212487,-0.9413814861392652,1.0995844643276695,-0.8263652852658686,82.4267615880007
-0.3212427661179117,0.3687331473175197,1.8325570434792018,-0.5495402745955349,0.48206672733538614,-0.6355578414044034,0.39379729821625153,0.9153902755601617,1.7388513518533313,0.8141517621182666,-1.92767257934561,-0.11676591579524663,329.3091344572992
0.5514853760404675,0.1946074552372427,0.043602446372453724,-0.8432465953161917,-0.622649361734452,-0.1758858124323366,-0.7424705856980482,-0.24606248812994858,0.12320480678448567,1.695051040430753,-1.3200225112207058,2.1709427174978138,224.06407202949532
0.9184544439424138,-1.2585049106753345,-1.2457173764463845,-0.9186865114860944,-0.7095798547491726,-0.2950899142379063,-0.21701705042437042,0.5555126463422483,0.975816719344709,0.054934110999848726,-0.3084827884558197,-0.4173668136050844,44.691435839700745
-0.7687664100385205,-0.16681474069839325,-0.45903167317890037,1.1377767806686623,0.21871826614148773,1.7522919091220317,-0.011997344627723866,0.6132655446611438,-2.5089571784950757,0.5817233649705059,-0.9780230235225682,-1.4213499453185472,-208.01653836597757
-0.7076694656187807,-0.05952535606180008,0.44381942814622843,1.0324652605511468,-0.926930471578083,-0.48423407286625136,-3.2412673400690726,2.1221561970126332,1.2669111491866227,0.7746340534293368,-1.0243876413342898,-1.5193699659540134,273.32212459342975
1.295207072669644,0.2688507864009919,-0.16206210203682392,-0.4352481970051683,-0.48021443413239945,0.2750022982918108,0.20934885733468878,0.583837081539059,-1.4921020171453638,1.1951774115114164,-0.04504411801092395,-1.4089607467920393,-81.16186607807495
-0.28554162530722377,1.8105224784209932,1.2998712435306046,0.4479307327729469,0.9308873827918375,1.352759030614763,1.2149441068549691,-0.421130234801084,1.198225393201287,-0.7140417437774549,0.10577038352412323,0.45722481194934356,114.01751737288035
1.4929526227538277,1.3286464115446437,-0.3910246668655764,-1.5450564074064352,-0.6590238266596705,0.29657267669430815,0.8174671266983724,0.667065472728354,0.533695248006193,1.4794817618608729,-0.9134585796322228,-0.36331200838854505,169.32352411705034
-0.35385896282010376,1.1685803642733814,2.1655214522065567,-0.6531373899299409,1.024774112281728,-0.8146856532376702,-0.9988208693340495,0.52252076644239,-0.4553424231453126,1.0546206284873183,-1.2223646149872391,-1.0188051975907135,45.19185560455065
-0.04060623167853,-1.249564911924005,-0.09621226204057896,0.05237276872756848,0.5368074692249037,-0.20141990007697352,1.4336336088178778,0.7813581198065147,0.3812446551620988,0.25893042822568985,-1.8596630405497985,1.0454602404822526,114.49522395960973
0.7890752013999099,0.08387250176093364,-0.6292206728473624,-0.18324524320928193,-1.2931222504049704,0.9459295852703784,-1.0804073292785017,-0.20233890687008754,0.9531762543293538,-0.7067067683730057,-1.1774165052492886,-1.4419103561118092,-18.654773367117677
0.7320809514330224,-0.853932908460056,-0.30906623673826017,1.4436703191662383,-0.03509646678459442,0.0321850870368397,1.2904607413763498,1.3465716626102961,0.8728170831783344,0.40482340880826806,0.05519924253008922,0.29137898481594593,280.9344991215867
-0.9645377949101913,1.190548594343596,0.5059655534558652,1.8071966436378852,2.1650560678066024,-1.0240285908863795,0.2125740306322149,1.4509275482792119,-0.2798103423770061,-0.7282722024066131,1.0269862633197322,-1.6826586941226858,-54.7169383403197
0.09293565268297786,0.9437155057560443,-0.5499248324643456,0.2607668174830632,0.28727251402742693,0.2951409793374166,-0.5982793341978477,-1.0578366186102344,-0.06477225979787651,-0.5100639500960824,-0.8687675445729097,-0.578212098219754,-109.9999422429821
-1.4643748802098202,-0.45888426286894,0.22445181855997204,0.647195939702741,1.6839276914578687,1.5739867632900328,1.0786808334312956,0.39922312260527926,-1.2257656630023412,1.0470983026121545,-0.03850846950070721,-0.483186462299374,-43.688987974623096
0.3389758936682615,-1.18023173420037,-0.23227350279947281,-1.2689825772544985,1.1402505526712048,-0.15974849799158664,0.41870457829236835,-1.756868699401502,-1.0141642181269683,0.0105457117410256,-0.013973228476073308,-0.8888596980356747,-288.84280902488126
1.255349780288475,0.6959321009408497,-0.6856749175901302,-0.8024300398648369,-0.9509533830944716,0.4600423238604662,-0.5166141987601078,0.019599616577628293,1.5404412397766734,0.8202983745089647,-1.0232532233755844,0.5789286485712348,258.2355367810806
-0.38479202360407067,0.47263976299001165,0.5557421780428925,-0.6418214039443414,0.6054045047627467,0.591668049693131,0.5308015836727296,0.686774070503355,-0.8577331766050195,2.054092441435975,-1.0731902740670494,-0.5693514235811376,59.01706632134501
-1.2203206899439758,0.12861745040496653,-2.0173387981224113,0.8377642215465891,0.8139808601977412,-2.914255989816941,-0.22565638071225164,0.386382653848061,0.5232231857370332,-2.832325924984141,1.3890243629627617,-0.6792306531929551,-366.0992951055045
-0.026260793269852138,0.6900736763366125,-0.6245104550885774,1.0488641418753621,0.03149156226199577,0.775115121589086,1.087710426157866,0.07557637267003782,-1.0455294856740531,0.7469808401047098,0.6916185751213884,-0.029216405853985244,-21.064299694843328
0.43450264609130573,0.9695690257529068,0.240205843946223,1.040061819902576,0.7899197221808523,-1.3346106069102326,0.32685540061043733,1.7481370691208353,-0.3856726309778482,1.2531328247682434,-1.3892987302109903,-0.7397711639729673,188.19532950980522
1.5889403284440828,-0.0678713816994819,-1.2422465335492292,-1.4974466686057486,-1.0962203248685651,-0.303626072898001,0.4316316296375973,-0.19024084441321568,-0.4888861190436912,-1.125587114031969,0.7396754681178337,1.3632289751322504,-172.9465197739065
-0.5894523999387185,-0.43615544150748503,-1.58242797402364,-1.4042395662615887,-1.3805987058996512,0.5193587456378881,-0.25762048551099404,-0.03989438375171192,1.6733639461525236,0.8168370114309812,-0.06963345330010817,-0.13418021067692457,34.182382053319394
-0.1353342339231097,0.579076300875503,-1.229495157708088,0.9498890682492921,1.8115557731939131,0.0999881637655518,-2.49116140815146,2.3491085580250326,-0.3351431387781925,-0.41192323438595313,1.2167234924979469,-0.9218236563202137,-33.891540249630715
-0.34182182024613555,-1.4940377932897506,-1.0069273609451441,1.3451476204524146,-0.5641961798604865,-0.4986338957884514,1.2551457883749038,0.17962227263192343,-0.9511843703879561,0.04782531978468294,-0.4976725234290394,0.35973897512678843,-59.567567342576965
-0.9224101844985025,1.5213160519224513,1.6153756894694418,0.5467335682013793,1.2171585208254965,-0.36682441181468756,0.9983108981479604,0.840620026504553,-0.3917581490438219,-0.3223204692113399,-0.4316203127180484,-0.23893209916969432,25.01152018008925
0.4620608932518965,1.4223698616985077,0.7833905092825955,-0.6775646523356551,-0.5975101946916416,-0.9811655311396816,1.7388996637975789,-1.7258067287905967,-0.46440426230938764,-0.2515388860444957,0.9788580507817954,1.1941094030473725,-78.2391984654272
-1.3239510842195628,1.6629314471898375,1.8076308056706858,0.8406067127833832,0.06578864864896251,-0.4929182749492523,-0.16007448660830478,-0.1877270235798839,-2.010216654566063,1.6414286277223145,-0.24341030256790794,-0.8252919608308644,-14.911316318284769
2.2524358053443088,2.2909425725907417,0.9817654869915943,-1.3230897934074983,-2.499405714873573,1.0098170893426341,-1.389572466763596,-0.6389617476895022,-0.6881503451777238,-0.32483138350862245,-1.6453987469568918,1.642015160136369,52.13073261475091
0.26426827164563654,-1.9493717553224232,-0.15011695125380659,-0.1702582467959055,0.4861847915619389,-0.39987823866837147,-2.0503574572842003,-2.0903028988531567,-0.11464083550639245,-1.2640061679473638,0.7391804947015679,-0.2656045602861052,-242.19494140809698
-0.9745293046706415,0.8474216771504216,1.1070806692869728,-0.24125765461854246,-2.172669546014036,1.8998819348952156,-0.5353281859539227,0.40981865692851255,-0.13263374638257355,-0.12038116395359824,-0.09053328230416077,0.6725737012027313,-35.098468604044754
-0.6116337366945591,-0.11000549870105147,1.1186323341542117,-0.6615414425152919,-0.1792510253569118,-0.6145387836910949,1.2920603343265227,-0.7459421264756013,-0.856348518281204,0.013043374376952133,-0.7491717266032418,0.7534194635024307,-67.87744384266136
-0.7347432134727092,1.6080672471727289,-0.19449148486477605,0.14880876167959034,0.18863108156798006,-0.9769457393818821,-1.0356040560453943,-2.5208470065727346,-1.700627249651378,0.6658778237063901,0.8810588920574334,-0.21392646635116538,-257.2196577010963
-1.1196174332890112,-0.14760258629866868,0.14088624691120394,1.088748619704186,0.32316771418478146,1.543243528272189,-0.46603650186824225,-0.372206776071053,-0.4888494217862741,-1.7684393655628516,-1.5947030672667954,1.884586305934609,-128.66034491074882
1.229990368438683,-0.20562785364324765,0.9826831427699412,1.1223742187031596,0.5872624134641767,0.5433908278718096,0.0828325705180999,1.534482101794515,0.003147726906326633,-1.4000707231830092,-0.7281719009698155,-0.4597646158304763,79.92855795799561
-0.1449045790814313,-2.00745686074501,-0.44594371386116016,1.0539857711828762,-0.3631166611555665,-0.7047284356108838,-0.3883469383011584,-1.189232465077129,-1.5375847964491753,0.11314045705302281,-0.30561911106831297,0.5720062783004729,-131.87058159637638
0.18411939832816962,0.44841324947910954,0.06908519272427115,-1.1719339292231947,-0.2673170231678089,1.868527188073091,0.3543093815188606,1.0974849713531636,-1.3938176478742055,-2.8106283166180837,0.9035206838035016,-1.8190510153025476,-489.20245213392866
-0.5607609069798603,-1.6728939013115742,-2.0362205028559366,0.02731337985143867,-0.24907184465304072,-1.5821767633461272,0.4042128652773321,-0.6538983883255765,-0.9403989164843533,0.047493468251642953,0.7158727446909595,-0.04737070254443595,-237.78407167535315
0.4977883094177774,1.006606541032628,0.5374120028203807,-0.9392415406820068,-1.6942558959950778,0.9289320135322151,-0.5696989629257314,-0.2165231975361736,-0.6049067639281748,0.642301235011176,-0.3578279334412669,1.3325514676651278,66.41078304715155
-0.7487997960200538,1.2785751679393744,0.4168015744831139,-0.305444702441682,-0.023050556085466193,1.9529173824895107,1.0829999385168685,0.9641558841719786,-0.061097508005868134,1.1671207880032974,-1.0763811874020583,-1.7291828895034203,19.451642467199335
-2.152890592952483,0.8384907744516419,0.3885786045309641,-1.331232953557778,-0.006070911539893324,0.5079913269125437,0.08182935854756501,-0.7859894605079495,-1.1033666061738736,2.4929995174327906,-0.09888965319114267,-1.8362053731032966,-142.01816711029028
0.8761691671912328,-2.4980610174929394,-0.6683451948468017,0.8468821038849139,-1.0584406336416528,-0.3849428884100812,0.200459631413729,-0.12517442838316423,0.54090851856099,-0.0610756713523761,0.6089053562546319,-0.11522423255219759,103.63362432468224
-0.3559740843858328,-0.684491730612797,0.029190503935567446,-0.8360916702196265,-1.2325403112202802,-1.3028447635247453,0.4573242810867655,0.697586970339199,0.452067838259671,0.6979740301300975,2.098221474546747,0.3080099022173409,101.49092985355004
-1.970308581351401,-1.1251978277377233,-2.2029133532057186,-0.7704247991378789,0.24690606341661173,0.18485865406036467,-1.0886934104763422,1.6170449245216825,0.2521948542342867,-0.22056594026731396,0.561472629826133,1.1433615302058282,-139.68789064279267
0.39946937260218507,0.3225046602899047,0.31047275418075143,-1.6254922701998327,-1.1569413972294713,0.03263883669087142,-1.3641059938183584,2.0487082576988507,1.137381097628914,-1.127263792554147,-0.5318777502893286,-0.5567787728433663,59.97734778171998
-0.2243189708781048,-0.38736196455281124,0.8595848723435562,-0.6981996746110497,1.1395555360254692,-1.911640550651757,-1.0986204251778122,0.6336610247740587,1.3111674978026244,0.0798014840587331,1.4205042872710631,1.6786746733725662,207.1346774279007
-0.9972649579684154,-0.40611035702340326,-0.4638544295059457,-0.08621709800745275,-0.44890838731300636,-1.5365306903820384,0.09675491843880031,1.0781253957947718,-0.28478940951539505,-1.0981863837781498,-1.614749862291331,-0.1296730520286007,-189.51225635808598
-0.46595097807205077,0.4583179391254417,0.8229885920033214,0.8185946183432132,-1.0736928461974642,0.8514099367626543,-0.7148072589914705,-0.8476272124968842,-1.3157974082181412,0.04154184056389461,1.794524848392212,0.9219363780076167,-50.18791600479506
0.5975377058947282,-0.9391555697706817,-0.7113032269494793,-0.027384320403744018,0.23622364626423303,0.6869566320986773,-0.38438737659292116,-0.27036669676116976,1.5360611817095284,0.11712421614985134,-0.205766993677172,1.953107198272574,238.1785742874027
-0.47741070619280046,0.479827035366833,-0.6498268854974364,-0.7469232850701676,0.01282864354368512,-0.21713107494620248,-0.26864575330974255,0.0861108682589779,0.5265366836723071,0.08416823018569615,-1.8363597837703973,0.990166238959289,25.27987681843028
0.10643022769189683,1.0915068519224618,-0.2549772174208553,-0.5468589412403921,-2.650969808393012,-0.543424771133765,1.246085192497629,-0.5736620068802363,-0.7128457826771644,1.5039929885826886,-2.0733902324081495,-0.03275327021599839,15.282522723322655
-0.4152879139008013,0.24822058630033608,0.6327818661062848,0.7708651938869668,0.18186625505849516,1.143754043206929,-0.4593608995402441,0.23561455810856594,0.3384964074944141,2.270692857804396,-0.8498443694647918,-1.4785862457798415,220.90023317109038
0.269294752580734,1.1717179147161596,-0.04489303012253698,-0.12372894627483615,-0.6701152004542329,-1.1840305582225594,-1.1761733365547806,-0.3828171896129687,-0.3998990621311371,0.1825010305992134,0.4875602970867186,-0.39767969361460404,-74.77908249881631
-0.6256772874962124,-0.0635245746153551,-1.3192471945987674,0.3891591956679287,-0.8000385643976464,1.2235688824186275,1.2374381346841392,0.3721054726068629,1.0964692338108837,-0.20298063739565708,-0.45730165508679,-0.053120653017545344,38.29501804237064
0.31412949645066596,0.8331794312701818,-0.31608296112297335,0.39537368118566585,0.43915013370041756,-0.795988910008754,1.2827949688389804,0.9316659668680948,-0.24897365528067522,0.3143386831314305,0.0780074184788575,-0.31267716965327597,49.22563161072917
0.5501284812178794,-0.5270661182397741,-0.8002932816073767,-0.6969414601380967,-0.035420140691509526,0.3435975351782162,-1.0236597461307144,-0.5430219463857897,-1.4363524570391606,-0.01792796824979873,-0.28568654809226357,-0.07459267700807634,-221.02287497802186
-0.13260407824049675,-1.6711471647953489,1.1770006367903372,0.019545844798181757,0.5363892188475762,0.6534789819517407,-0.8383618800008077,-1.7680567191743972,0.0689061331209721,-1.31246730344855,-1.2126571326233138,-0.05275510800076566,-111.02041435354832
0.12200981464536144,-0.7031764251258874,2.5600845382687947,0.1848361236948739,1.1492733262856758,0.7003098794089914,-0.0349884904969617,0.4933179008808892,-0.5756378262377739,-0.09605989972464987,1.77080063563551,-0.8583577801812136,70.46570982544436
1.071080500402805,-0.18667896231344497,-2.0744863510163114,-1.6922708316433286,1.1218615047942522,-0.8128235903365649,0.7290636450023644,0.4990958161377494,0.8280588148933092,-0.02203486400427045,0.35116546762708406,-0.17038576538819597,-52.503897361002416
0.605606232631313,-0.2084682105404079,0.508608373233442,0.20323595458603103,-1.4840566649243352,0.18568858041873892,1.2066081548639151,-0.7790927393767005,1.5091310134045506,-0.4303093199546424,-1.5271678565896476,-0.45763324933761523,94.90785240663385
-0.23823367505561752,0.13674664739923068,-0.41051848272973,-0.2581751380314344,1.177184963184339,-0.6493648196138809,-2.304211935943967,3.0982994340712575,0.29523257504060313,1.8188985322003248,-0.3610092232525697,0.5101243612500749,295.827523674911
2.2105230015913513,2.5797093376543185,-0.5574917850078336,-0.12982069973342616,-0.08828204835125482,-0.14700200162848862,-0.8036745679697308,-0.1852876588777083,0.9638791167949097,-1.3698029795790778,1.6391168054440675,0.0438114719791096,55.83130819437573
0.39488149000257766,-1.5341246934488515,-0.8065096290255822,0.0018035063564141765,-0.17613419771077837,1.1084446017228928,-1.6880343251976782,0.11430875305924776,0.295195368158836,-0.4592203979892406,-0.6007479306385678,-1.0893426377121063,-69.42830558867644
0.5374787046064285,0.8264033173305246,-0.5784597288763313,0.2320946379285372,-0.05843011899748824,-0.34214865112723886,-1.0660321716276806,1.1166812750675223,0.19507692542260213,-0.07749429989298792,-0.05154220860765155,0.49888319476821275,58.33920687498131
-0.7294370488476493,1.9489631114476191,-0.5237042828895252,-0.336544921209111,-0.7853179202632383,-0.3467498910082427,0.7356551436413686,2.1353211239759577,-0.6448958586443377,-1.3657959280509446,0.925904176727718,-0.30821592816082993,-172.5865026278367
0.17567371249177932,1.5061472407749465,-0.9684836469618956,-1.3076425810934404,0.7700501089175859,1.5668547072137862,-0.43884999047817147,1.8486630689665502,0.599089759263809,-1.381769188567704,-1.139061507616351,0.2736601192125019,-131.4857606431835
-0.30317978283427544,-1.067802921579193,0.7999419019420501,1.8381836767951225,-1.053682419146354,-0.3493167961181975,0.9503075919735757,0.36728731340134063,-0.01941960588773261,-1.616310608436588,1.7106133725819253,-0.22346598237185214,-1.6775397201052087
0.9668071042505444,0.6488819259038391,0.7191686663554372,-1.471126405373518,-0.08308932774318312,-0.7370293611526971,-0.5844009765960311,-1.917348886010299,1.0567249112804185,1.8197717873125976,2.4523699128687237,0.3362778892475625,191.2358183140808
-1.124200096946978,-0.20716168909404023,-0.82932037436137,-0.6849961501263927,-0.3812372872728735,-0.5944977224267224,1.270088025254897,-0.6892766231523877,-1.279647848349243,0.5915710184530977,1.2950071499384181,-0.5491264809895774,-275.83427082343144
-1.3656174041901494,-1.5978721344948377,-0.9741218462163683,0.12626773623406817,-1.307369782230964,-0.7925234471152126,-0.6300249795338944,-1.055089368176695,-0.4235985817281771,0.7034279167873088,0.7319555025098458,-0.9846547848472624,-177.28963568253417
1.2184802148716865,-0.41643843324802554,2.202013924659616,-1.6949734385166126,0.10957158007785811,0.8173062037383262,0.0019768447558107757,0.8625434846151703,0.954085102156628,-0.3560920486190552,1.5328733556363119,0.8202323983059842,205.61683247960235
0.21128369227947272,0.6197114459661363,1.2000789564268612,0.058022734808395225,-1.876552706041874,-2.246889333984605,-0.6353623888256293,-0.04282338131157488,-0.6067002947652967,-0.49190244750620515,-1.1896666590903613,0.8484308822052846,-16.017285252071723
0.8715243860879341,-0.6117596395045849,-1.2511991366336779,-0.918019061638965,1.5794378916948595,-1.5646221273358043,1.135947845943822,-0.1585376924164567,0.14342656685749322,-1.5325182768296637,-0.1539976651978317,0.0923767916399243,-212.07692464608988
-1.0867108113847272,-0.20891795737087174,-0.7712694166774808,-1.361675030463631,-1.0456949708779122,-0.2597211710765324,-0.4070158918067711,1.625330309075195,0.03537141708863912,-0.5029096500380191,1.8507811424357334,1.6923130191048756,-100.52581692000118
0.7549587661419644,-0.6646510975020625,-1.941858659379406,1.267960487103089,-1.590141830680298,-1.4222296495062072,-0.9028089269627998,0.43945269045799057,0.8425138964550043,-0.0038041336707993834,0.8092646982419858,-0.02439856723615665,101.48500999564594
0.9784578056665502,0.028775564080998586,-0.8105286298216263,-1.4409816345249187,-0.06844649266641564,1.127686294516429,-0.1850976494212187,-0.22159969438503932,-1.9473424741408143,0.8569755369827861,1.2121292042334861,0.9588163064676725,-122.7528612563896
-0.044361455511561634,-0.9224129848439533,1.378467355453808,1.1282397832688376,-0.0547783603388251,-0.8057996548842047,0.007362681423567135,-0.1309258051261265,1.0102745868360157,-0.6715122069805457,-1.478546936998799,-0.8758424064951101,84.06674473534346
0.44426331148603976,0.6159356069442637,-0.3609661658190799,0.7129984301723881,-1.0810633275998973,-0.3748208075495975,0.5931012579683838,-1.2221278088919454,0.7109599682034915,1.159329803364248,-0.3095464393139903,-0.24032539815813503,175.69549893242365
-0.4997301761516306,0.38298898474092846,-0.5262478565174211,-2.120700152635066,-0.38502181171286365,0.45768658605355206,0.14125714008746323,-2.238231233324972,-2.7475048427252347,1.3883377782084478,-2.1305664798072006,-0.6068651778571754,-416.04009594021454
-1.7262139619578896,-0.6160275437179559,-0.16045004326563395,-1.0414529517748186,-0.2805717065985525,0.5484632735405707,-0.34610427178001524,-0.466227391717112,0.8254145978230849,-0.2801110077500062,0.8496447827066518,1.0033658927291456,-76.96684546228572
0.628102969833705,-0.589423411486891,-0.6807755663251802,1.3697811019623787,1.3295342439705244,1.4224229552858216,-0.8614434294642864,1.554282441611026,0.053384272479021756,0.29226545615571214,0.09748893902369685,0.7344258528096671,227.81977532901263
-0.8612881023859011,-0.30530915351856486,-0.3564271205250787,0.4522743776485788,-0.1947896212832356,-0.19399479256662508,0.29919976608889587,0.336903263976616,0.40848533814647026,-1.525185436662198,-0.6235968803326393,1.6756362938455622,-67.28334336389607
-0.014452270878279104,-0.10960980392583083,0.5462842480036996,0.2801611588196068,-0.4363858905265686,0.4240610444640897,-0.08836295920533532,-0.02640575695892703,-0.47383934707091613,0.0064222698109378164,-0.3700110298821277,-0.8096035199216461,-27.73912662069912
-0.8963675478251808,0.8533489773401466,-0.4486956826194842,-0.39828303354254857,0.5989963416842641,0.15140739607201872,-0.49419002306691273,0.1551553428653563,-0.5789517573489231,0.23425926445676556,0.28384456730273677,0.11758862988720224,-104.58550351558367
-0.021244779276242128,0.1247520996639345,0.2935375299686405,0.6596499980823705,-0.326673247509044,-0.7480960646216471,1.5154448083522476,-0.03658997434293117,-1.9673250642259945,0.24941768768504166,0.3817341689625093,1.0901834710204468,-78.9766342963784
0.13592456721834797,2.324673305852818,0.08446678638994742,1.0371588986582432,0.9562950020913461,1.478071898356444,-0.017006074483830996,0.04128745558743938,-0.9935895155940362,-1.06925449375508,0.5050210882737669,0.3344385148485215,-79.98832126274944
-0.05250506853865217,-0.19044618592921678,-0.14487856194788684,-1.2148061358886433,1.022841471550764,-0.23058639852361285,-0.5740825770872696,-0.4479613384499751,0.13585942408165688,0.043040870850387644,-0.2811254848880863,-2.208280776228252,-179.09659876405178
0.714000494092092,-1.5148472246858646,0.47323762457354485,-0.8571575564162826,-0.846793718068405,0.4824724152431853,-0.4465149520670211,0.6256673477650062,-0.2234627853258509,-0.07282891265687277,0.8563987943234723,-1.0708924980611123,-16.932211382640748
1.2809395766667275,0.6688401305462182,-0.6654222981294605,-0.4068852445043747,-1.2699985973938759,0.29497145570882155,0.6719446078144975,-0.23591652931212392,-1.4972576451786446,0.7219034854381414,0.3842020720058965,-0.5347566708443231,-142.58416506301324
-1.742947530486665,0.9386400226789446,-0.6075687917795559,-0.5595462852894689,1.447796418457866,1.359189494164025,-0.17611243395986265,0.7864062119958165,0.7605061195841426,1.5681824295273261,0.08298741881250997,-2.83303029014274,-12.22295521044241
-0.7968952554704768,-0.6039851867158206,0.57707212718054,-1.129706854657618,0.37114587337130883,1.4415686206579004,0.08658978747289992,0.8356921120651418,-2.4716445001272893,-0.2030453860429927,-0.15567723539207948,0.5298041779152828,-302.3621600838611
0.7095994793835665,0.018252460856112946,0.9280156591516868,2.148296863786959,-2.354482922696602,1.163000969705304,1.2304600477599754,-0.3524537316377418,-0.4012092065446777,0.20849197057558072,0.5274808330277304,-0.09390356871304721,167.04019253990853
0.1986800095474069,0.696167997159289,-0.07906734186455629,0.6333268260712385,-0.48083378951197936,-1.4055630538562867,-0.5176925728692147,-0.48827384245154465,-0.9849931258170151,-0.5791241096357465,-0.08809124402907328,0.02263085267686914,-143.91449582983398
0.43623570480105506,-1.1340201859349581,-1.1909165059737268,-0.3150819279089234,-0.9291363405097582,1.466782556898976,-0.34677157676671216,1.4488201083377155,0.5055578532150077,0.678728069279419,-0.5857927234486902,-0.2414305647249931,115.95095272046042
-0.38445687897709163,2.0826603221097977,-0.411024936503173,0.7451508642848174,-0.3787598366030933,0.42834205066072495,0.4308624190150374,-2.3843067887857456,-0.7114621940837048,1.0216229840730389,-1.2756826599957316,0.13416641599584353,-59.25909556113913
1.40934744018558,1.453384477117701,2.2988981236192503,0.889630795623437,-0.4455025214007718,1.0654803750653512,1.5795721457307124,0.26705026586925884,-0.5172884501003722,-0.36283856043965906,-0.5228600271532683,0.08228398927542419,166.09573499353596
0.6635978685607627,-0.8741992700141499,0.20479787728191723,-0.5877379693198984,1.4148406628255548,0.6381869988485734,-0.11184710408631295,1.5920248985760834,1.7443111147431112,0.4091409227759939,-0.4526901485095334,-1.443200793785794,262.6935050148056
-0.8246122504347609,2.0979393391324312,0.2766007655111807,-0.3240681752089702,-0.5966290586117302,0.6802203604766911,-0.5256309339853844,0.2270344788648889,0.3074035697196884,1.195480650825479,0.032407013340136216,0.5914421517518549,125.97948591313533
-1.1530843317397823,0.3246582355025183,0.967794469003426,-0.5551092279283498,1.0500490415534267,-0.09287450139305273,0.14299063480921648,0.7979752545819053,-1.2715485208922839,0.3989921575016956,-1.7260106186667665,0.012169682282905197,-122.77854321291622
-0.27293332022551287,-0.4973543714140932,-0.8356890050200362,0.7224469852209794,0.8671874128277388,2.387967705524732,0.5764513451224227,0.04932816579484362,0.18007103769598148,1.0972201916064384,-1.5085559682128564,-0.3652808582038849,116.69452893997232
-0.3570292008066094,0.04977368718096008,0.8903831635197862,0.849102110743144,0.5006657213812097,-0.07159925185806683,0.007063158628176452,0.6955377575657775,-1.5178737466808094,0.5752050161065663,-0.6603211394734471,-0.29396694766418224,-37.227858692296365
0.7985666731105902,1.193611755172588,1.1209365124062458,0.8596307868548461,-0.06744655855518213,-0.6867323955673516,-0.34230484344914897,-0.3248579264985461,0.3849664160476343,1.569628586939493,0.902091311588268,-0.9820194972109048,242.62653570075574
0.42359906559346105,1.4122205554154292,2.062524919243145,1.0299608175811612,0.02421945667275807,-0.4036484632419967,-0.07964139124571515,-0.643549832317462,-0.955122579349353,-1.0675329142542729,0.4523717962497339,-0.33477533210654087,-63.260679841036655
-0.4325581878196209,2.075400798645439,0.39445214237829684,0.2544208433012131,0.2897748568964129,-0.4118769661224674,0.8711247034316923,1.1677820616598074,-0.48760622407249354,-0.42098448082026296,-0.32602353216784113,0.3376026620752022,-24.17514888160116
-0.9665878909853152,-1.5118834195632136,-0.0681234251679531,-1.0797363212758484,2.0931979322099448,-0.10128071870153288,1.159381043300522,-1.3585740152574743,-0.5984375805810469,0.3639706308527381,0.973101561015072,-2.0217986399619474,-267.794984297372
-0.6684549108531777,1.8060891178369614,-0.9980946277690352,0.7025333139338557,0.09452756758846836,1.1711676327061467,2.666905222320009,-0.3677845265710552,-1.464974746104889,-1.754284852822499,0.09715578708624777,-1.332448347894566,-420.93727460333935
1.340461051790348,-1.1482632887526183,-1.2995812369275976,0.17682087213939798,0.8113965544915921,-0.2716551103260533,0.8187776437548606,-0.7217375533372533,1.673452090298537,0.8297324178791745,1.5379319184125528,-0.5466800845872654,241.46229591537008
-1.3452096708086025,0.7732399866657592,-1.0034389034995035,0.3018733807210118,1.4164117917002925,-2.205294372755906,-0.15783750984025996,2.6378817522602,1.3897641339463556,-0.3313522990878492,0.308292063638821,-0.3863224754471755,82.07384777766161
1.697623779709341,-1.3620433708547575,0.3320814614168105,1.3831945153293432,-0.3207838618519991,0.7099327481472374,-0.6838489004995763,0.4800636179041039,0.638543317267599,0.6461296760241716,-0.009159038534655271,1.2663302679562887,369.04413083914005
-0.7780947858327143,-1.455054605090552,1.1718101432738448,0.14775590740012853,-0.816154989028044,0.2103671135408869,0.3019609001717647,-0.11447237179886294,1.530334564354411,1.4980976334877842,-0.547407522766873,-0.7618246716588487,297.28302500620345
-0.14114967234280568,0.1227289077054837,-0.32573889318261995,0.4375062034730363,-0.24272858931102861,-1.509993170579207,1.2869472861164193,0.5884361802403073,3.287761187388739,0.11333446390530184,-0.12454847968642378,-0.5773420157083338,365.9359203963364
0.440059929023145,-0.7624179506029144,-1.5681443134200506,-2.0495145161883253,-0.39338229774465705,1.455434483915325,-0.7603636412161305,-0.6545335709983099,-0.591018455733432,0.45721306369251385,-0.39361158203300994,0.3735336834117687,-191.28384524945818
0.2450386643154059,0.10353815394917538,-0.26995189682516413,-1.0078679132221302,1.5941779562040121,-1.7930763979123896,1.431152117761741,-0.6084939037312018,-0.28790607686792025,-1.543450943185747,-0.26003625018044474,0.25373729677483314,-248.33092347722896
-0.18256897437954112,-1.1140464501619933,-0.9899577925520139,0.37006111526895535,-0.8110008636288448,0.45780560992578473,0.25866114785538813,-0.33912227927003874,-0.49693202511797824,-0.0350076100062359,0.21273977585766032,-0.12373268009975662,-96.72760668068452
0.1488768039176911,0.94881309647162,1.1815677164191463,0.4793609534294223,0.8707466445884032,2.549009708717722,0.13069002446438233,-0.561842099351699,0.53102609489421,2.343654052812625,-0.14152575336694828,-2.624817056374112,241.24730355909875
-0.4532280493272752,1.4775300810552618,0.6963874474567153,-0.5511857163285334,0.08840688629184736,-0.0033744574109520514,-1.141689114133505,0.7783610761666377,-0.17018462252492844,0.9553052085705107,-0.19365945927971812,-0.8181988834223072,51.521976835898904
0.1464756116533182,0.19200423696867674,0.5233237827285886,-0.3283752594168024,-0.3095098859272293,0.5666021483927255,0.27751585888189023,-1.1678653072917102,0.6443105001082005,-0.8005903423481054,0.320187854921873,1.1077210959824486,-1.0066366390287573
0.18583762890275304,-0.6161434580489434,0.9198715159544302,-0.18352817215715306,-0.5942108723816666,0.05674168329681941,-1.0401987109554731,0.9102157836647453,0.11345604005655238,1.0189232400898984,0.6988156702804763,-1.209198711239606,121.72869365600386
-0.6891878180895679,-0.48388583405432156,1.7359638031652493,-0.535235211560568,-0.6514180036144483,0.19759960469239965,-0.32034730819432017,1.0495527153193351,2.0752608726252655,0.1979107834626478,0.4241659464019164,1.3173940656343257,336.4434629273304
-0.7511672196238788,-0.17426703446692562,-0.9985703864824396,0.3140226024861145,-0.8797173613845565,0.009226992995468902,0.10311758244563701,0.12147857932905783,-0.5866945887618727,-1.391983286797076,-0.2712965631476405,-0.0936090233663665,-254.88065444637888
-1.269465266012813,0.8091127907313788,-0.1683004231716427,0.9959736788464457,-1.2077593925433523,0.12417568474461345,-0.8497209214776963,-1.181981996068219,-0.3807634038618044,0.5991033318635947,-0.48298392607284074,-0.6982618487513923,-79.50334211830496
-0.735116800724588,-1.234511998422396,-0.18592448094877073,2.042177910534731,2.2770864980533045,0.3981472651225371,-1.0319662838471795,-2.1047495057190146,-0.05790774987690872,-1.5993947621943112,-0.4402592043864004,0.15532499919940146,-175.14215959358245
0.690700889348637,0.9136072175680342,0.14268841220163028,0.405850266692899,0.45963731807481595,-0.7974854973437886,0.1335654155359782,0.9067842666754293,0.3805203053163029,1.6037018554669304,0.6756644532569765,-0.069851868183643,257.74724608920536
1.4141103906067818,-0.47606255777786693,-2.4874567587061294,0.3465270183130004,1.6641920547838993,-1.5297489550040915,-0.49061223402665266,0.6180684939300419,1.53739673068429,-0.45822302925650094,-0.28275932762936834,-1.0084330205311458,61.4017597044754
-0.11366668908143539,0.07567354061338613,-0.14365952989711814,-0.44480683817049027,0.03175945658145075,-0.04512289032405165,-0.43229517910733023,0.6909109573921928,-0.9258899038911499,-0.1650805650030461,1.2727147339712648,0.1390286869531256,-100.42035493121331
1.1381503309676184,0.23513529936618852,-0.5289163791046552,1.1361913746425423,-1.4587583925306935,1.3342291941726905,-1.98468794144591,-0.08269774501839869,-0.6973642279161708,0.7775960617922721,-0.2671374859417547,0.3590550934803667,125.43645501815529
-0.8256536828021421,-2.0864776583710847,0.1493634822711889,-0.43112556957509907,0.007178466907941942,0.5507975722736632,0.16048962397348007,0.7828737349485725,0.44477380783159476,0.36414029605466136,2.212531039397242,0.4080528468367557,47.767666268216544
-1.4413417457153697,1.629318517441612,1.2891318354374448,0.6116015615496833,-0.47952499463178405,-0.15201890563269788,-1.8481101123885366,-0.4384273672152734,2.2999691243864735,0.6564065654899721,-0.5217666572990717,0.037563351381111706,296.6458894172094
-0.6566240707997048,-0.8342713430679655,0.8739897510068825,0.01188043451779194,0.1829944496452604,1.3592975993648058,-1.7176721483633963,1.9836336524360194,-0.14713950481410695,0.07843924608367009,0.23614240987910107,0.3865862299051922,124.2567207966348
0.8555556590207121,0.3614173172731029,1.649480894323921,0.5835443030118876,-0.7296024698074095,0.5798572852951321,-1.2931415437586478,1.0417246640588513,-0.7068925679873489,1.0706105599791862,0.5723903111756757,-0.12951724686344077,212.65120114040602
0.23849892567305414,-0.05247385606304944,0.8855770816950449,-1.6819687839854107,-1.3646763259005417,-1.4396081307988273,-0.27633529504421733,-0.22257492722485295,0.13982135851821087,1.7816847864668515,0.43374968596096225,0.47803781519228344,188.12090932410348
-2.049474485669681,-0.44027463685080354,1.2608495199993097,-0.7907709190853537,0.08797354712916895,-0.4033797459686826,-0.528998414203127,-0.07310730200893852,-1.485186162699932,0.6166639764711183,-1.0757366484416113,1.0159372235635562,-117.26121010206464
-0.5505519317084877,1.3032780373160637,0.31635832153614474,-0.32669621318636405,0.18106274277108234,-1.17223375343664,0.5861658003927833,-0.15032046027187207,0.46436986354657417,-0.8852486861242225,-0.4124138182164804,-1.0425776946705763,-133.84666229208725
0.9681846605328611,-0.8254105299789551,-0.33130838318332273,-0.2797601684958344,-1.085150526557798,0.34005129456889044,2.9490944253087252,-0.2789629303318085,0.570612997219531,-0.6122367345077503,1.2446795807367868,0.7903718960517113,36.40750205921727
-0.5615577463306254,-0.2725447213618092,-0.5530898169141323,-0.48282759080691834,1.1734422766324448,-2.230468019124459,-0.3405987069098615,0.10248464215820753,0.22668424849459717,0.6958638390937854,0.5001430331138838,-1.7811584144656334,-110.31114306686254
-0.734975101257266,-1.0033018309754966,-0.8463983057776877,0.293008807258655,-0.2137702480623489,-1.6713322676347722,-0.3591316281088747,1.1407858004524745,0.37105373821536314,1.7441031844659785,-1.3004502289219138,0.5855215328568677,222.21297208925026
0.6283455092642799,-0.6771617115121117,-0.012246772846914623,-1.2141886127877322,0.07580455819372633,0.7916626939629359,0.9751197334177512,-1.006017381499702,0.6241198170521551,-0.8972543714858315,-0.14705738150213865,1.1581108735000678,-60.0786936139755
0.6213467399691023,1.2744402278489033,0.9481429504720496,-0.8605654038138869,-1.236478286592349,-0.36723700079928584,-0.09534109119668262,2.1112963340995843,-0.4213568077704419,-0.3059544315315921,1.7303218148571686,-0.3230423687730068,60.997999518437446
0.03526355197172861,-0.22096959953322298,-0.6997255079925856,-1.035242322419374,-0.11232804969082982,-1.1978778925888485,0.6141667000434252,-0.10703035995455783,1.9647251329163893,0.213979910734222,0.7575077100473051,-0.553649305347182,107.40936635216953
0.32159321133923857,0.6927227551168594,1.7549330716472415,-0.33286040438251124,0.22526411724754952,-0.5293321124483709,-1.2693304965466992,0.31745326125017514,-1.514470309180767,0.01840163078343813,1.7025146581296056,-0.09338685889994829,-71.52564268082335
0.685619374218483,0.0812914250424811,0.312865651490911,0.7673073626024868,-0.26836879913738076,0.33078380653823597,0.48459137883927483,0.48721819463042715,0.08486545836110417,0.06573766004728737,0.2674753888980612,0.14425352228204003,160.19545123734167
1.4444121950550874,-1.1965579286166865,-1.2276799644560572,0.820553502887897,0.35834451107600324,-0.42002772729416255,-1.4935097782531435,-1.1031843812330935,-1.9046746934654637,-0.5912780093697056,-2.123947582700665,0.18430906407810346,-209.9765121490742
-0.20922187374452778,1.6155828235482317,-1.6834381922209503,0.7796605322693398,0.9648516330974576,1.395683810789956,-1.234348871879922,-0.30803428418574125,-0.5621680265783021,-0.8058700664961888,-0.5924642591528942,1.3103087461196083,-99.38627596389117
-0.7634653033091117,-1.6755804496240945,0.383455014854216,-0.06541023359539401,1.3297943652050759,-1.106732987729451,-0.8065198324565613,0.7819425354519183,-0.2996934959328892,-0.9910911353316136,1.6772005099660963,-0.013503244592976752,-180.3012931471931
-0.5308687729203206,1.8467073257360336,-0.48943944251822213,0.2237879516388985,0.6818914896263114,1.188393273448084,0.5839281853259639,-0.5176112990361714,2.5269324258736217,1.044160877069072,-0.35929209078705954,-0.016422896072752075,295.5280330588564
1.193311005927126,-0.8015275901045416,-0.7717408145967823,-1.746895691345555,-0.5125341106465501,-0.2549469704035893,-0.34718649511226246,0.4755884359285824,0.25617060569427813,-0.497961846817842,0.7708022199879712,-0.5387608373460957,-89.89512961976143
-0.35151348404130867,-0.21910052880886424,0.0184183791895517,-0.4080753730215514,0.32692737376416264,-1.008086310917404,0.8294055811834892,1.2012139221639448,-1.8707919210258557,1.6764373122752827,-2.211135309007885,-2.038124535177854,-108.94967151148633
-1.0733280322228955,0.957932055215684,-0.4288479256060734,0.013450364619293007,0.6002129657442777,-0.9287920814524587,1.8076085077692632,1.784775039185095,2.9356579023277782,0.4158368362860605,0.5061576554607123,-0.22485305579485193,280.4283335489957
-0.2899813544366399,-3.601085104459518,-0.8385006163839522,-0.0412596526500604,-0.2145376645179636,-2.0149012325066082,-0.70128957079155,-0.004072837121435025,0.3343270545535034,-0.7424867777695996,-0.8758148246462933,0.7497454754383477,-75.3958263563724
0.4931956884898786,-0.5881085989243096,-0.9683358632535589,0.47474210483989104,0.7524833770742185,-0.18204043108565582,1.089272246931099,0.6102350056939962,1.8307438248312617,0.2483054757359842,0.3820337057160107,0.3775547328379105,242.8316872237447
-0.05139372358848624,-0.6537663386488198,-1.7730324682068814,-0.36961033604363397,-0.9057323008626189,-0.029262813684978354,-0.5956612940434921,0.6215718898560508,1.1260502507721681,1.2619215007139917,1.3744380931708173,0.37710039390218647,214.61341278242884
-0.36162810937254564,0.08939527893161327,1.4355709931636234,0.7043362098540789,-2.0683757154310323,-0.4177830125136188,-0.44258929277415615,0.9653266671611266,-1.0976109822757267,-1.828405880841963,0.0077278931756846435,1.85204004481367,-71.64047105121469
1.4246277320772434,-0.30601395435740886,1.5512452664277294,-0.2580455156111615,-0.7615878650362199,0.491412756355527,0.1454272174057594,1.0653762722596027,-1.22322023006193,0.8822864925992157,-0.7037103993314333,1.2685832356474693,205.33453624951645
-0.7677975651041284,-0.998354040738791,-0.03468488738678118,-0.2817846088605072,1.5505004928140769,-0.9186519464841982,0.9843223984765838,-0.42018681709585726,-1.0041407667520679,0.23421473253652075,-0.21398884422550896,-1.344450511034277,-204.6685275264635
-0.04785892765275731,-0.3492618853479615,0.25100354315014656,-1.2502160258948012,-1.5166625462859213,1.0277187487795334,1.6165216545137489,1.1064617708120716,0.31552294092025324,0.1794141710488413,-0.6593241347771676,-0.422495895432434,26.737826878316504
-2.832155598110569,-0.463161362085399,-0.4511588584089988,-1.3971181851129912,1.2002617497388293,1.0383788510193166,-0.41142660711600243,-1.28716356858425,-1.5193460754768424,0.5517407999109204,1.1539007342557472,-0.5835993263460049,-412.27485387688495
0.23836898273478513,1.0010460925671412,0.9751976297824297,-0.16882172319001063,0.1895816165987434,1.1618783026081905,-2.703232292999237,-0.1044492185374715,-0.9273531341905741,0.5010941699398452,0.6778753195309076,0.07005216311318138,-16.271004376762942
1.9824704501689276,-0.8193868304987907,0.9537602558113537,1.1905296437176767,-0.922351329061918,-0.4046958568633263,-1.1889411180533487,1.847866995702103,1.029604361419693,2.171802667396602,0.44176064964947936,-0.20068521837532977,570.9931944601456
1.4706619906522893,0.8983025496890353,-1.325281371952441,-1.1819955218978246,1.1851630314393404,-0.1829015674239269,-0.6937666074967505,-0.9593549606481229,-1.165441526221057,1.3461034238624805,0.3424508791769014,-0.5379439663331403,-79.11659537618723
-0.7234866224198,-0.5552730880131715,1.2666612531984123,0.7571768211020226,-0.11315849445608397,-0.9846336870179554,-0.9875229624269947,1.9837041354787512,0.5711412420380737,-0.9710620291077331,0.7413198169079143,0.41709532442324604,121.43986827119231
1.1422073928855578,0.9559358223307622,1.1572445477310251,0.6569290663420881,-0.7346710936768595,-1.3772954892720999,1.1835491025816047,-0.788047623233008,-0.3433351758524492,-0.17149560038823927,-1.1646633485123947,1.4338328386598447,154.04379674507933
1.3690945827628513,1.6666632592275232,-0.09872089445567296,-0.05123583553219154,-0.22535148504419977,-0.22327158843330958,-0.6783346293354934,0.30703923725182186,-0.3072462256617315,0.8264223241917663,-0.6141435312471847,0.6255845936750005,162.16418147053457
0.6989196850807888,-1.262769775698564,-0.40980124379353305,0.7241365593144973,-1.4704895512312506,2.5879089735306846,-0.7758748231664838,-1.3358624041686133,-1.1997252650902135,0.7833587105240313,0.07896404566808451,1.2907584241224281,2.9789439623414395
0.27926783821652595,-0.6328802748847919,-0.950910729687232,0.4486357645145273,-0.9916966634403105,-0.23701197001262772,0.18932830729237413,1.4621959387176369,0.7499002394237105,0.31852100479887446,0.29724427338012405,0.961987189071841,201.89648692343647
-1.3354815690998914,-0.4711246518178786,0.486036289417637,-0.8603850107795019,1.0826910538870733,1.8876876573401904,-0.09363618873917084,-1.907807557877391,0.5565531245337582,-1.5473039889383655,1.32579664754219,-0.41360553342164424,-303.66450856735753
-2.707565693672108,-0.8121694717263299,0.26264198787169046,0.046461273154189575,-0.9659709246115364,1.544092663524045,-0.6633383235123018,-0.8250972999455244,0.38505516793783434,-1.4500163561675328,-1.375149392040303,0.0778857269806748,-274.8355087339971
-0.11955875662639608,-1.4000712344017388,-0.034564239843803336,0.14707682744597397,2.3456241618964406,0.20173865479604391,-0.10381248440296688,2.037210639718358,0.5303691889987993,0.9057176004973654,-1.1804604852320821,0.5105353784512363,209.69675874104863
0.5697603571986469,-2.5322460852196853,0.19548173155329082,1.4891131083282896,0.4359753895000459,-0.40439742318396127,0.6820694900626313,0.5055892418358746,0.4914294527201998,-0.09884520123930605,0.12617790366196718,2.271449745422796,257.516608328443
-1.1251861017311617,-0.071120290830336,0.3888189102637133,-0.12058718847346953,1.1126343052033019,-0.485678744575047,0.08559470394452544,1.3304323443788164,-1.487861703490623,-1.1738733263060288,-0.27837296760789404,-1.3401248956547858,-316.5579489056206
1.7041020780591178,-1.121751102855888,-0.11510969392323915,-0.7135846699071758,0.8891538247878059,-0.7057734830953651,-0.7668640380045524,0.08451847581532725,-1.3919583809517313,-0.3459193290471707,0.06807226924862103,-1.8207602778020162,-235.54807349483494
0.006273156184418285,1.118549944255326,-1.531535315243643,-0.39732325255136186,-0.20528401949625125,0.09109360625591317,-0.526531687096043,-1.187765239917527,-0.8515399797793188,1.150267395898296,-0.5235759884065829,0.5343648986363834,-126.88559575848365
2.3176367886738785,0.7132662507965424,-1.4072934434924025,-0.7248610838000522,1.3142265757035791,0.1255485866511483,-1.0259648174807778,0.8100272385061165,-0.9560585516833945,-1.2981039036871578,0.6072890151016929,0.054051662846000936,-165.26137822112543
-0.0178621548877335,1.0304387856367914,-0.3346038545302957,2.1168030549638535,0.2725179902295931,-0.2658283656469923,1.2914688890653634,0.2335950812615763,1.0772936730156928,0.5656329018867201,0.3070030600053617,-0.8361948507041709,242.636392653337
1.6370824079927424,-0.4603067625743631,-0.7801438813877718,2.159121154603292,-0.5591638350592083,-0.38045590416635117,1.030249693969567,-0.041248128979203026,-0.6304584541854775,0.7352693099749874,-0.38003684628935364,0.09131472861134962,188.70463361635618
-0.5101608136502173,0.8272361076574231,0.14945608966330953,-0.33689512678513855,2.381713531732546,0.9256722095027217,1.1598399663883443,1.0294405559270405,-0.3307748960230527,0.7707502096187874,-0.5059661989878553,-0.8464343014589786,-9.18819132069767
-0.9716140385106515,0.5366527525272862,1.2004139079444254,0.13653533108273744,-1.0469109826819396,0.1846803058649084,1.185704154662997,2.013387247526623,-1.3471262895296965,-0.6568942789713957,0.7189533106650667,-0.3653215513121087,-106.74928232294981
2.1487062939370514,0.6128253216693214,0.5212157911887249,-0.08857106726878992,-0.5582302623977843,-1.0769545408779464,-0.4214829971663628,1.0685495584552998,1.3779743339254138,-2.0843316213428005,1.2721985542500975,0.6847148540498922,158.38999017143044
0.3044922016801448,0.21416894113174983,-1.0575146702934315,-1.0758938287242596,-0.11657134645332866,2.045654547677154,-0.976620315863556,-0.9358312297905655,0.53034290167058,0.6233423006748285,0.1602688574175767,-1.1231950508753776,-72.91785117627627
-0.7239647304677874,1.540323979819886,-0.6443402670219842,1.0230565552522393,1.186145474042299,0.3911278769327262,-0.55317724534727,1.9002684243109647,1.167509822986446,-2.7391402061374728,-0.2539517063972351,1.6435415091205292,-8.913660662421176
-0.6842421805152435,0.087204992037267,-0.7057555622271979,-0.7737805788906578,-1.4873744464039769,0.08497296263582721,1.2473036506646777,-0.9857330334274744,-1.0878930121092583,-0.2606083323339582,0.13549137231676192,-1.008106506760428,-349.9821952161704
0.039569724133648135,1.1378577759693718,0.16344774661747724,-0.1439999777016611,-0.21583075543615446,0.18146106348063867,-0.3536525548815512,0.19261914758693635,-1.3135277983539944,0.1288496213559143,0.22732590682319032,-0.09427271723096599,-136.98937969427246
0.6464895377257707,0.7211353625455816,-0.21566763754763232,1.9412174364637491,0.8814075289235711,-0.3780078990182172,-0.9162741005637249,0.6654168236917787,0.2314459225255723,-0.8729610904537004,1.3554428011054958,-0.8783230771797389,103.68553974956373
-0.24149744587077882,-0.6497652268482671,-0.061764199860128925,-1.5486182988637467,0.8745170741325226,-0.28487549336967083,-1.2032008553891445,-0.1767741631157821,-0.2561797524953801,0.4794415180860639,-1.042044412243103,-0.4911537471421047,-121.7428957280775
-1.9754665663538713,0.5999287299962045,-0.9393353938187543,0.5296927543567308,-1.2096947428411076,0.4865016438262019,1.5307508323436974,0.056649924897107164,0.06447441481012024,-0.14408755572161547,1.2187618516973167,-0.07049877805909122,-143.91575413950284
0.7254188271577661,-1.0828405288683434,-0.18770160587403686,0.8179920992573367,0.007350674919699149,0.08534395552050993,-1.9252622125874854,0.06820678260283634,-0.07004644372796484,-1.03873443416267,0.727122481485493,-1.7376861982453433,-111.0972062043596
0.3993176017191309,-0.5070086592700558,0.36039339501808015,0.06233134961912296,0.29096473013744295,-1.0785127413645972,-0.5139006266488432,-1.0258681059694763,-0.17529452990401284,0.5042878533842724,-1.198951397993876,0.10716991525959621,24.78516471862625
-0.38113769667341885,-0.5659371308924055,0.6037132405441962,-2.162032299927439,-1.208858864620722,-1.1047746736415167,-0.07567107265706344,-0.7504101277546562,0.9886087934991747,1.401500346552158,1.5375513190343435,0.4583890099570684,122.37737716697622
0.5364138998913434,0.12347980916459421,1.0338810549242086,0.7289411945704503,0.9079623136270489,-0.659039274888645,-0.12428577716243629,0.4795075480016086,-0.5741006752835983,-0.4074601072916016,-0.21138422981796898,-0.6923507742337942,16.961068924421355
0.14237791251046628,0.5740419308840301,0.3813528345802849,-0.3451040968191901,-0.6301428301423468,-1.8357687561770901,-0.10986412310193568,-1.3077765651476607,1.388664520102482,1.3655264625262657,-0.1840868670159194,0.044062567406599355,177.13844937490336
0.570507208354516,-0.23950192202174977,-0.5806483025539511,-1.2790307362197864,-0.09294420661358828,-0.8342818100346248,1.1168337755299542,-0.27999330187447974,2.184096733380456,-0.6113852473886282,0.18641616974404632,0.5152943216244674,110.43681307951249
-1.153706323630364,-2.0140632742377633,0.49663461497989536,0.8976557716497436,0.40016960520049744,1.187713384138455,-0.8668845848834666,-0.5140888043678978,-0.815909535148553,0.6351000115979253,-0.02968879028597843,1.2561974394136823,60.12334615346963
-0.8954279609250417,0.3202165779488289,-1.33656850031492,0.4527563520766945,1.5486392950240366,-0.7708188027286894,1.221294945685148,0.18497057507315626,-1.2783526288023244,1.336657357758983,0.13395838058023532,1.7073298095592229,-7.9257828012840505
-0.3933511248228728,1.8054168464197806,-1.587188069678454,-0.4751252784446032,0.6235257988258587,0.6399029571520845,-1.197957962340662,0.6369080790029854,0.7152365838912327,-0.20731609600824458,-0.42657125283057357,-0.5329937194259537,-36.06958581139823
1.2358116200069387,0.501782736167545,-0.15589817793666752,1.5337277099164992,0.1600182258527877,-1.7073579575929467,1.1173988159024608,-0.6292633936927887,-1.1165244399486591,-0.5482872964906009,1.4484992298929262,-0.5358014630522978,-49.87361885695468
-0.7597031174802871,-1.2284438312657626,-1.7710685530880912,-0.552920837367302,-1.8311448783383502,-0.49757083838520716,-2.0755880090785332,0.6647027453331099,-0.782003492511037,0.47154238041820573,-0.08606969279089306,1.0018248536819372,-161.36266511028867
-1.3945284378654765,0.7851265854600545,-0.04003720752109928,1.0615091571758442,-0.3098449013640731,0.09406984119152385,0.8439514005189311,1.1850069835830157,-0.6683581639908888,1.533012542249183,-0.28368622092717277,1.0084159699429913,135.3926462464434
-0.8574424295472166,-0.30173305395863576,0.19821732772082012,-0.4957059465748997,0.1485479035926389,-0.5511162400406288,0.9330666057209853,0.7735577062068134,-1.4194331965450098,0.3252594982295819,0.06354190456093739,-0.12666402734766338,-167.7915061951898
0.3915511752600938,-0.062088698214287405,0.13734132456510456,0.9397354817471042,0.34562034465144587,0.5709409939421983,1.0421905769830173,1.9687573094339588,0.11835006565517724,1.1896426454852358,0.233285041087872,-0.7606006644251391,245.20151783950254
-0.3340772309799405,-0.17435425790283585,0.5646059258936003,0.5142547560178349,-0.02355215087423812,-0.062191016999311004,0.22530792204094158,-1.5311075025557221,1.1243533598705027,-1.0196643386921156,-0.3695269288333586,0.5720574417141441,-7.559943759151668
0.06440752243194205,0.9944145282075845,0.5709456946038727,-1.4222345015068736,0.5704860860796908,0.014108356253124855,1.2205506039312326,-2.191978656279881,0.6055136511241652,-0.8144028209931906,2.0135542946486997,0.681634223668389,-126.48697004961372
0.7401256641052443,0.22992434541793752,-0.1735444175613875,-1.7394252442322782,-0.6257730437317763,-0.552692953783497,0.7777976308777149,1.4341770365203266,-0.38163109541321133,0.4158027257204452,-0.7322995497370884,-0.8002227353999037,-48.38680044395095
1.3255002197212566,-1.8249777469611168,-0.1664855842815459,0.903058166736933,2.1773203810422213,0.9078523849098702,-0.7387387253049276,-0.3494249506357074,-0.31444379029762937,-0.9711898691379917,-0.6270278518303946,0.21747348301422456,6.0633163453983325
-0.14685352125530088,-1.1630426502846019,-2.219777947451851,1.1273500893554853,-0.24936962517248124,-0.8238368696411541,-0.41342377063644137,0.9970593564536414,1.1910906831461916,-1.3996815047326863,0.03239621368357873,-1.1298498572185598,-66.07257867542306
3.852731490654721,0.651391251305798,0.570890510693167,-0.9378250399151228,0.9540017634932023,0.5137859509122088,-0.3152692446403456,-1.377669367957091,0.5150476863060479,1.135565640180599,0.7589692204932674,0.5150352672086598,323.4121145279494
-2.1045827987653323,0.8652897561352498,0.13807840841754684,1.2434691283459636,0.053059312932619035,-0.6518885825313808,-0.47687646064383565,0.34292637732134257,-0.3089600145979074,-1.8861287039510262,1.677115870186871,-0.779375325260117,-253.54494361337532
0.29156367668197275,-0.30561061415380336,-1.690671627606452,1.2024512479830722,2.7552177437199017,-3.1767038131960006,0.7309589763762161,-0.024232833869692147,0.2790838583451852,-0.9784995458666064,-0.6506598273683837,-1.0952705188428047,-97.68781417185758
0.9040175547613144,0.19405194360587402,-0.29748220087385013,0.0516609768510798,0.3207857259326839,1.0743180127155614,-1.270061088712032,0.9583858198420424,0.2243396567780826,1.3119837385739466,0.2869558543017087,0.22907468820570256,219.8846534492951
-0.9013756798971745,0.4060561224280809,0.505735432472799,-0.3879649689074522,1.25761905635936,-2.899513879868482,-0.23492427152097461,-0.8937460190837143,1.6713475754374763,-0.08670113614820872,-0.8935150925192802,-0.1761335035509783,74.27607935640663
0.725766623898692,0.4714683571359957,0.4810092317367132,-1.1254890472983765,-0.7904744554453119,0.1292211819752275,1.8820244964750337,0.2799686263198203,0.10939479460489289,0.22388402427913137,1.3454200461549777,2.4457519796168263,153.1706305148135
0.4414197598929505,-0.4828777192911349,0.8530151882434975,-0.4552205808827054,-1.9037594056445934,-0.49705248683568226,0.04371039699198385,-1.742082457705964,0.05469486537462616,-0.27811986436633407,1.2228079221334083,-0.25876441187237875,-84.9494583423355
0.3927683630511244,0.6428554939629476,-1.087748675353668,-0.5077167691497139,-1.1185234842116323,0.8259235830306532,-1.3512904026984345,1.762979652537399,1.6833145759275296,-0.12389236323520093,-0.3001287868282,-1.7151799707034205,132.27428399176853
-0.4839843396005531,-0.12719938398244293,0.6992124386719866,0.43383524008887653,-0.2796127199046768,-1.1229146774475707,0.4728150699278325,0.44459199507312896,2.5031717909057107,-1.6076413105231968,-2.722454140991939,-0.75311733062058,144.06329822860562
0.9920423495365228,-0.8984679817910373,-0.17495975669540864,-0.29027454418865134,0.5365098435704035,0.3216978061960136,0.028181157369128247,0.9190764829877686,-0.6680904536430488,-0.7557451594928447,-0.009118996644203544,0.26739231407190295,-59.46616570201111
-0.8320613048498566,0.2078025073533134,-0.5501152829365389,2.046862195719558,0.8407344821295493,-0.4030759890650308,-1.2926253471522626,-0.22247489677826537,1.991553302204734,-0.14702542343084998,-0.5321685631271895,-0.6749340187905523,214.74468586872499
0.475751991831532,-0.7377367046848409,0.5896392313574,0.39559883476294233,1.3663894118544384,-1.6808704592381203,0.6865677467531761,-3.2210163559857135,0.3097267791360022,-2.651828063044949,0.741073780682286,0.034271814200222225,-275.1167914756684
-0.038742894989543024,0.3569727592669261,-0.6083507646793376,-0.1286594463520559,0.4096361186839937,-0.4841184945848177,0.08127842205619876,0.5773635251066616,0.9552692372072055,0.5925303073177614,-0.037893081716830875,1.4069347458917507,210.8810199059495
0.4512253193185082,1.5232386217122582,1.1834936668899279,-0.6769951384585313,1.667224111551137,0.8301918118626102,0.7356219972457467,-0.952316380738797,0.9003985883950636,-1.1780408673763807,1.78179890877106,-0.772659445270824,-29.185256887357873
0.8534155587803077,-0.06259312789952241,0.7589285897867651,2.439752406339273,0.10420110395187607,0.5639091200523596,-0.7539645888666763,1.0225704320096403,0.594754341665286,0.2811914239693758,-0.28067507686677406,1.3842728185105182,386.0056199158002
-0.8501977458146558,-0.5054472096535272,-1.6382456590945336,0.09535027433277855,1.2114275036324305,0.7791306255883522,-0.5106839381956507,-0.8324766217233888,-1.5772283709195007,-0.25959672180927,0.8717244241841364,-0.17963037272551532,-362.6392167471902
0.8496020970210246,0.30729952087660933,0.35701548596504734,-0.6226995198205938,0.8995998754332507,-0.4930009346588328,0.8128621188389601,0.28099186773503265,-0.5893647569442115,-0.6929095952606542,0.6296288419236122,-0.20812225035727522,-99.52227527018577
1.6748596729140648,0.03402958634668099,-0.274802304752688,0.4278143951529032,-1.9988889068612499,-0.5613379964422059,0.6137708557899086,-1.0538354953643456,-0.32948930021798606,-2.2012434734509183,0.3754558576272528,-1.7019022300183355,-265.98433828872413
0.513085420097293,0.43192254467394064,0.7250957868479971,-1.3796181647889305,-0.6414815952229522,0.8623934723827588,0.8004095252276823,-0.971656734541286,0.9531250453760867,0.5161782871149584,0.7542913298135743,-0.6267172245899651,53.18602854671414
-0.5106084992975795,0.7230379395798638,0.07991526374003749,1.1328046971748071,-0.9878659101397719,0.6446898032842333,0.08551332963959903,-0.4047953794202932,-0.6547697756239492,0.32093006192565754,-1.7157083186381294,1.5973972932216232,56.78625414906589
0.6116762888408679,-0.3092123758512146,1.030999522495951,-1.763040155362734,-0.8392175232226385,-0.38508228041631654,0.33126343140356396,0.3436182895684614,-0.6769220003059587,0.9312801191161986,0.9755451271223592,0.324083969394795,15.38137047475803
1.9140313538667861,0.49568188797260465,-0.19068240076334658,-1.0399059271255309,0.8700677306887542,-1.0534155631736561,0.15041890514357642,1.1081828167375165,-0.6237689606958051,0.21743287317972287,0.3649610024662254,0.6127739050625697,27.678782342806954
0.9216501119244593,-0.01208894784605456,-0.12754912037753421,0.10435593752321293,-1.4511756900515589,-1.3303136257389898,-1.252393444413119,1.617212574968624,-0.1891203907770335,1.5111549302473475,0.3636318826249679,-0.8987840483231282,204.71264529331515
-1.258264629367288,1.4140291355619874,0.6365532068732643,0.3699256130043903,1.0618166459897318,-0.041491104577379236,0.2183387504421607,0.9346547073366236,0.9704884596133799,2.322609225262766,0.9679319487649898,-1.1173270089312346,314.79800112666857
-0.3755089806394995,0.2940820387932141,-0.6560972360056414,-0.31039680375596906,-0.49731714635766955,0.5405895418122408,0.16333468067753845,-1.9545930044832756,0.6190831693880101,1.2692556718986205,1.4617170162571183,0.8810621873806654,66.82080277738233
-1.4621104551954147,-0.265924194072433,1.0095859678911938,0.7125044420921607,0.27403884064930323,-1.410467416412775,-0.1026485734506316,-0.38749131490543404,-1.2977283756812326,-1.5145735090585566,1.3636072951996998,-0.6893290680800719,-311.0871223727654
-0.3129289671900141,-0.21673178915646166,0.6185563569779244,-0.5412990949622398,0.12352920184109302,-0.4952150980047351,-0.2592218130040925,0.5043650657184098,-0.3043448710539514,1.9856764110148397,0.1243847669077142,-1.9768215689475905,114.84762475843988
0.3090544381042879,0.07388693612455402,0.13394188295201317,0.8410412769616195,-0.49687612734152825,-0.49736953314026283,2.4398744669855015,0.7738771734428223,0.7145497614635058,-0.6116931217017983,0.30124248009139015,0.574386351133876,148.3223752668421
-0.4817659710934752,0.8447743757816999,0.32445860435251705,-1.8593367716600575,-2.391956204313024,0.5583364232117055,-0.005560293648070566,0.7978437798957666,1.8566474365619547,-1.803862792562365,1.1785126897984228,0.045491476330752,-69.95239180936471
-0.34590728066682785,0.1686513676101955,-0.8373807896824669,-1.2534017182950186,0.9252818927168314,-0.11717200497437547,0.6763570476749083,-0.5892537307950677,1.5741467860324088,0.8957962182359285,-0.0376871207422379,0.3959142209580454,79.473641746303
-1.6135613978767411,1.0399046873960764,1.4711703274936085,-0.8848027140269009,-0.6690727386599166,1.7117084801423434,-0.6056155397368641,-0.4432822511915103,-1.3719011429313563,-0.20932367715186612,1.8260097135469362,-0.172946059923423,-241.0597422734307
1.0971527117536957,-0.3920126399191296,-0.47883745600840416,0.4209729443893898,0.6934789119139937,-0.5260348426675804,1.0599363840466218,0.6988284202025348,-2.1533429198712444,-0.8627757640431206,0.6170059495766975,0.49201884799279927,-178.56843637539112
1.7873464144298254,-0.4268041949352576,-0.24633528117984818,1.1247767199858125,-0.8208789224096867,0.6832124040010689,-0.2589387965783906,0.8983595683469856,1.3902553275119895,-2.301471717669987,-0.1878594010087195,-0.5125887969785088,59.000336944640566
1.3134731613252366,0.08919819661257138,-0.6964610897866884,-0.5462640091774649,-0.6713075913710861,-0.10744488179424941,-0.2812035954027669,-0.8582160317716268,-0.07686540700366203,1.8641995258873496,0.12341913350096105,0.5629106602850852,193.20742255038394
-1.1718313004725252,-0.5098939528656328,1.0270604268730175,-1.873240111819152,0.3624498815945265,0.40684763513978306,0.18217062771210168,-0.4992476144946552,1.0153923286752233,-0.6478722896465213,0.8918776345702746,-0.4503681912566681,-117.53269208006216
-1.029811848541845,-0.2357112448566685,-0.12334406404611045,1.0600897399086655,-0.6556877194614437,0.5030903686237468,-0.9394632419859826,-0.19569853114690144,-0.3187483152461331,0.3090474430326539,1.119244917564096,-0.05152292852464606,-42.31759329151255
-0.36931877015818887,0.5817817706283626,-1.5794362987175987,-2.6745671281541408,0.3912093272373939,-0.17749188377428318,-0.01622311759594124,0.28004534269740444,0.08244176663484246,-0.8178918421385055,1.1568337810369889,-1.750975574405228,-373.74321328866625
-0.2153882888600766,-0.8604384680668331,0.14111449670559295,-0.6734142395598725,-0.13377937252123967,1.3984839930693214,0.6943263811492989,0.6174286309273244,0.7811753362875992,-1.5249849401440596,2.572752389244474,0.8878039355788485,-43.33277971089525
0.28475459338556824,-0.08106710543541713,-1.9632891478389742,-0.29045391622778904,1.048399887813541,1.4287601620367705,1.7445838700752485,1.4622546040347288,1.434309669352076,0.4608248654038653,0.8598335614674577,1.0725417995727589,189.75071659527543
0.3411519748166439,1.4535340771573169,0.27669079933001905,-0.7537361643574896,0.01300189187790702,-0.8158102849654383,-0.2646568332379561,-0.2453881160028705,-0.0771017094141042,0.8271832490360238,2.720169166589619,-0.8895144296255233,20.684007716978716
-0.9870461789363153,-0.010352289907736689,1.6158724901223136,-0.5789842199399048,0.21282439866996872,0.7882916566360036,-0.17387382031458634,-2.044629003801268,0.9140771642240336,-0.9648933001863843,1.3385921382956067,1.056101251669989,-54.62362762621005
0.38343503140364416,1.127908993253569,-0.40930847409572124,-0.46458107811561833,-1.1274960989530387,-1.745707432859652,0.15449366559525113,-0.19692180799688955,0.49470565377503245,1.0059245117964166,-0.3365525898781734,0.04435879751560705,123.01091543505213
-0.5131272463642831,0.35641258353437605,1.769913067655593,0.5010900093087719,0.6400266183843293,0.11666175116950343,-0.6611371121909724,-2.476792066877087,-1.0311060532942633,0.9099625408605586,-0.20057118065576857,1.5193363510906441,6.798746652690724
1.6478776057836733,-1.3993421658487708,0.06832212993981754,-0.13774106038792705,2.3059465859677397,-1.1742022957201466,0.7964303666421104,0.5628544804571306,-0.3559349170869707,0.12631251458699935,1.6639862798080995,0.780201721186075,123.02299306543284
0.2587698052439216,0.6265383633369425,1.1955313880867093,-0.1417575540275386,0.5045818144773903,0.7285186435145362,-1.2395622860802396,-0.22710600778092602,0.6376058122312086,-1.5189697808133147,-1.5028706086823893,0.13556341641470915,-12.012827773751802
-0.4211988166129132,0.6874267551265042,0.9764313771980682,0.00878844263207182,-1.0989162547281939,-0.2655926332624114,-0.0885442145830127,1.2019316695395432,0.6844504776364279,-1.1321491407160067,-0.45389141615312834,0.05786404742675647,-2.112038752584631
-0.12168868568726955,0.4334524416994807,0.4080960585699445,-1.125096327023029,0.9341414422336946,-0.0034808485732018284,-0.31983226412807936,-2.2484965344996555,-0.14503369152842244,-0.9032931107791092,1.6009079918889153,-0.5807410905564503,-295.4671044353443
-0.1344967844017327,-1.3122191934314063,0.33385996656853467,0.6124687940136023,1.0817667276728287,-0.2440804736742013,0.6220699903060487,0.756788679986982,-0.039307287627631186,1.4313667818311835,1.3289333195354096,-1.0166831285764972,142.82375391175944
-1.867265192591748,1.088950596967366,0.6862601903745135,-0.23681860674000887,-0.47193186578943347,0.08187413938632256,0.06428001909546277,-0.7728252145375718,2.3146585666735087,-1.6127158711896517,-1.0777447779293061,-0.48536354782910346,-79.2891931841274
-1.1557075749169152,1.1480908663974327,-0.20260577291807386,1.0734127024104452,0.30515083587497266,-1.94249769096177,0.3417539207135393,0.7654021560133495,-0.1554224325277597,0.980004236133894,-1.2983259396689026,0.4986899121355445,126.70258941236357
0.8282296901846228,-1.433151814524712,1.090861670603698,-0.7097889922335351,-0.14994071907910936,-1.3717431292635056,-0.524662407066803,-0.6143231440962944,1.6087808557343735,-0.4629395120252583,0.4936548476431509,0.9788895585567792,181.5609532001429
-0.28321803894523256,-0.15774698323148525,-0.5655763678739903,-0.941022700666379,0.718417423471641,-0.8022800271395435,-0.6416668201303823,-0.3152966552861244,1.481960768436536,-0.4713157211511179,1.665351917623531,0.24608361531640882,39.019074610983644
-0.2813275571182134,-0.5290526773462948,0.06699071722487192,-0.7472116791478234,-1.5625458568865427,0.8840453963610497,0.7942646796218271,-0.021367294348436157,0.7368438970924334,0.5159392177040995,-1.2542894231692494,-2.4242402602729416,-56.62989331165282
0.37405656984757213,0.4190190093660452,1.2276689924732922,-1.5558956462036273,1.6725723868377034,0.8335289616089246,-0.7050118557584089,0.2337859117907477,-1.9937356425714554,-1.2096410186912054,-0.05576907765770601,0.33088023221445706,-309.4288307112836
0.31978193414253697,0.5524899544171478,-1.5929937335316693,-0.9683444548636353,-0.019637798926681216,-1.3340254949182044,0.22391413406466143,0.5500520990245519,-0.6013676439512137,0.440474737960399,1.3641404299738442,0.1053755061459599,-68.39695959536158
-0.2811640424645573,-0.12826348048383082,0.5053371476473485,-1.3394697749577562,-1.8996702808588812,-0.3262337044413596,-1.3833407769716104,-1.481580771551368,-1.3453354874152414,0.5278393499155871,0.9017286971402739,0.1351903409873859,-215.3897634982891
-0.9469827656173482,0.8380140545363104,0.45134754786463266,1.7123046874375993,-0.07282243259034207,-1.4511039864667385,-0.10069587281717701,2.5460545359427917,-0.40615141657380355,-1.1811935394294981,-0.9463138227477964,-0.5225209294096369,-21.06834265513909
0.9725544496267299,-0.24751863555150475,0.6218099622171964,1.8124485579969287,-0.7271371758248686,-0.5624667758942676,-0.07443342910004629,-0.6269670577877674,0.632407739055521,-1.5702247198904564,0.620672097550678,0.7077519354554754,112.36515463393027
-0.8904357529426616,0.2569974455858305,-0.5642898527190192,0.7704635956872266,0.6552336285137607,0.9557039711138672,-1.323649570842179,0.42876125888076383,-0.05678859588627712,-0.5927028229571065,-0.435901469090433,2.1934495502883857,31.357440828094898
0.08568716140335904,-0.4081008391602206,-0.9254246260595873,0.003375506597160999,-0.8953463223630241,0.9242701395378298,-0.9958153947902291,-2.6357477390168778,-1.0138959522925377,0.2553837556743171,0.651136241823657,0.32782117284308526,-201.89936732657
-0.06723030719613125,1.368094236814898,-0.08259257535129046,-0.22580674907604184,-0.7749628240639848,-0.7039163254155445,1.9669169625082537,0.9049620414941998,-1.05470445496592,0.7699687313352226,-0.03914402696834188,1.4364295195588668,45.36060035476053
-1.0958708107987174,1.4937097590055342,2.768373605625943,-1.314878664404412,-1.9255673603328771,-0.47539224221454224,0.6110709051105707,-0.4351387479620344,-0.8358702556183059,-0.25155190018413637,-0.7664664310197877,0.21907156253766866,-120.81032037259148
-0.7191533192424201,0.07685188295876821,-0.21113023882769444,0.8968393158655319,-0.13125696709230472,-0.8911922254152874,-0.22485598180807856,1.6122206282554243,-2.151815401329305,-0.987179527151184,-0.6500025808234597,-0.2685306479058323,-254.73891219755004
0.3440539215634665,1.0743330047702437,0.3483417392461269,-0.9355962987624259,-0.4877053729487446,-0.912810919296513,0.4964001177339411,-0.589112132781127,-0.4174303819894322,-0.8978300664256293,2.0750650393485417,-0.17791787580439816,-185.4748693620102
-1.6846675772263868,-0.5221315700199924,0.1909165241437107,-0.8261119917145421,0.14693529838668778,-1.3505559643429832,3.0768603701805035,-0.47579544400490115,-0.07587145068502332,-0.03633060804234174,1.360115900180313,-0.6870140996994973,-179.53781952890066
-2.4878220575623313,0.05252636821531626,-0.2217814037161355,-0.6316515245136439,-0.6314025555665582,-0.3635732949150291,-0.7559507066919204,0.8293237725828624,-0.18403239919900272,0.9693693024080543,0.3604416762927729,0.2912027551380325,-37.99735924089207
-0.4895706470306716,1.1625736681878402,0.04189592115427648,-0.5209685512310958,1.1535028497815438,0.8461184692959337,0.435546318992364,0.4403539938779136,-0.10346278984692345,2.6366691419455885,0.16648527257714707,-1.0504376287559674,172.3854639623129
-1.853018482897569,-0.4463205152343449,-0.1248868853500674,-0.9951739598992374,0.21865930675729772,1.801430099266488,-0.20063929882543183,-0.41462690057186313,-1.3015879828033312,0.01569779595775838,0.3675104105406022,0.5496831862902597,-266.8850544320874
0.5032520647495048,0.19189773587303607,-2.0634031524794545,0.1994239859867671,0.9411818664199697,-0.645572072035395,1.9483426447898131,0.7547332980678092,-1.6610834155671725,-0.3173504922425348,1.0251091525817735,0.4730382821602152,-192.8709901157755
0.8336032048373484,-1.4947561464496442,-0.6011265526688468,0.7714017949037666,-1.6667634067891977,-1.5444338482482443,0.13659739558875236,-1.3208783553773176,0.4928839718518698,1.1659165202552229,0.025385277972271716,0.0011099446872931465,149.83557408472768
0.2956655514819996,-1.4844390681934263,0.40329960416682403,1.3469412443889957,-0.30152629576934714,-0.007480796740746615,1.2782809474594865,0.03302330719303323,0.21668909749767315,-1.825657995664608,-0.06084952000292773,0.7740227740710525,22.654045867322907
1.2218046849767015,-1.0674339329604994,-0.3997705114430575,0.3310389028172135,-0.0022381164741810933,-1.0257233949746074,-1.2590649114481933,-0.589915396249933,-2.0648652776836416,0.15714578370253451,-1.0053151259972355,-0.8093466847948803,-163.59127687194356
2.523373331399558,0.4862873047408947,-0.5902146122004895,1.2959278615737506,-1.8559332871884366,0.867394492997976,-1.1063441570771089,2.3330164182526882,-1.6368018643107916,-0.12049741389935952,0.1016557615660292,0.012575769600314238,122.52002560267069
0.034143893340212214,-0.5621623419347272,-0.5129742439678118,-0.7602844386215937,0.07224913423620272,-1.4910799236114736,-1.422058497167931,-1.8662459348495894,-0.0004787180685054915,-0.44352159983711503,0.215031942943456,1.7293008660447564,-117.40243298930386
0.45920418159952925,-1.0783150666292278,0.9177681977951373,-0.35254624273661994,-0.6568354686944304,-1.1164508551840475,0.3589175837406595,0.21566877093361858,0.9878615824065092,-0.3103961364755137,-1.0397932245282346,-0.4409021886108555,80.04497249270207
0.21209335307417523,-1.60027110450371,-0.9933586995819507,-0.24066517453021302,-1.388542553831211,-0.3256110521485036,-1.2172826922204794,0.25719897035592737,-0.1643352058853912,-1.0158788269899783,0.15946250680412918,0.007880184694728152,-134.29476952523257
-1.079842447781487,-2.1715714047604475,-0.6135876053627944,1.193112945851028,0.5457867135323555,0.9189148546583293,-0.00811320161175029,-0.18826133508630655,-0.45965677227299695,0.19624094066672046,0.15808922532318442,1.0215153927818639,18.109946723319414
0.18455130319703697,1.2083662305931424,1.5421099525678756,1.262584103427182,2.061503576636398,2.5581992856682523,1.0240625258114624,-1.5256563145700948,-0.5642475986573886,2.006092888159123,0.5925269492011831,-0.5518581458924467,193.46113012858285
-1.9759632998916197,-1.1904077356744902,-0.5703140677864661,0.8761739316930753,0.03390272368233751,0.6445954324151765,0.9259751007146168,-0.7641867866378464,-0.38245239766929023,-1.1791082143628482,-0.09107586035302723,-0.7094311573284758,-294.0617435199349
0.03003147916408217,1.503419828428999,-2.1523835446091804,0.13429649724779288,-1.5614932224418594,0.5540577711159071,-0.3301200939664503,1.1701987091966037,-0.8617030702562581,0.8764556455029355,-0.2116669819311769,0.07959786237603639,-55.52737129655266
-0.05795054176271757,1.0736219439075716,0.5880766751678318,-0.5550167015441094,0.9458881565546393,2.091094272732477,-0.6308455507908564,-1.2541609869956039,-0.02243605198057349,0.9623451692665695,-0.29786680495686124,-1.4023692834238248,-46.00044294901822
0.2875639051673281,-0.8905688105910143,-1.1640506324058255,0.055002936033374625,-0.8596135138784541,-0.4661886119462229,-2.1098382406256415,0.9468075665118705,-0.3672039342117483,-0.35799043441333583,1.3393265894799997,0.42243497290143983,-21.44187077148854
1.5200917409911012,-0.6938044179018226,0.13111932467514684,-0.23927314715185138,2.0512469432694633,-1.4823967869957688,-0.09931433779203207,0.20713943677856853,-0.7513454696033703,0.8848425828011585,-0.2724269009308716,1.4781212260994843,139.45432219273107
0.1755362295785979,0.5362909095171899,-1.8437935834807457,0.24300472205439969,-0.06407776414871663,-0.1962806513879368,-2.1961278210999464,0.9500158286696456,0.30170000890173554,-0.8903178480198718,-0.16212397547985843,-1.5327005598899308,-147.7625470130834
-0.31146719489920155,1.3908335481766434,0.058608917371792725,-0.029766488336401747,-0.3199072780029138,0.11650805247587083,0.3188083396282559,0.115596738679908,0.37969967741711247,-1.227828566056992,-0.020921037383076883,0.32158454037275613,-57.904864999544714
0.8109137726156964,-1.66871386234613,-0.6537420298069675,0.7138774440901375,1.2227117928319309,-0.5224147283775092,1.1329263873010347,-0.1546903311345547,-0.5668133178023392,0.9154029704849369,2.060422698444699,0.09901444948725731,86.11270227113117
1.8205439079418155,-0.9845340504819681,-0.5663945912147232,-0.5844552918504382,0.2094700836477726,-0.22153659758373817,-0.0059547092127293835,0.8089192693927194,-1.176962112769968,0.8316167861804036,0.784002779310748,-0.7493576894227776,-4.045156134731776
-0.947530740972112,1.134768614866765,1.2530582102439143,1.2962567097480018,1.1760109851977065,-1.4839790594674176,0.4301429743153713,0.18609302087593527,1.451926632314722,-0.09024288144032204,0.5085353176271308,0.22352376254153686,228.91508372496673
-0.2595466775839172,1.0859821161750323,0.738810480887503,0.1904996797790664,-0.9354387020445953,-0.43548637056984335,-0.535963445114048,0.33198033056901455,0.5131057981760827,0.6153674840130534,0.8080577982811451,0.7094518171390395,179.22011591669934
-1.9465252863588642,1.2434282781029249,-1.1179276080367397,-0.9722982447348347,-0.9282199673480178,-0.7560040194566048,0.35533819559013685,-1.0501865373616694,0.22392687394660638,1.5391972001749075,-1.809267714588258,-0.45025338777827145,-95.03520222351402
0.4676931717654332,-0.3916485674217911,1.0857863249393471,-0.10594835430413566,0.3080505395041023,-1.5029703283951532,0.26912694124510733,-0.46531045678005334,0.25373966149457344,0.09798315347089544,-0.3431922754974105,2.6443433470170348,202.8119387158523
0.6636463470328414,0.7642132033388553,1.0595655726233972,-0.23105953684089858,1.0380125273159622,1.9435288811221971,1.7279638353817652,0.30613455310275534,-0.7596730177525534,-0.5552804969053294,-0.4693464664267112,-1.1918747041912499,-93.58736196663233
0.13074057728609134,0.010233061019587049,1.4412732890661155,-1.2477831819648495,1.1631637521549596,-1.4301413779606327,-0.9815086510479509,-0.2525681513931603,-0.44004448669698376,-1.4358621511794394,0.46210347426327075,1.6324113039316352,-109.25927793137046
-0.07492655611844788,0.28305316225865373,-0.3686193657856996,0.14432647172603683,1.1196877785533812,0.33935581275622034,-0.33931118713815905,1.6923465724632047,-0.34815739681731317,0.8070464166066873,-0.041337204809170254,-2.703348047107357,-56.974547406509814
-1.1309873884855863,-1.308684130989139,-0.125819351548333,-0.5492386533125753,-0.8489046563704645,-1.129667459310537,-0.15350069556978385,-0.9928687053786982,-0.4908064664964202,-1.0730913283626153,-0.8664477699523984,-0.24707943680771946,-287.4168452759018
1.3814540786904865,0.26348721533105957,-1.2922626951056186,0.8260471714415063,-0.5029747705513431,-1.6065771007386793,0.2942241290134937,-0.1314725956716678,1.7495839042054206,0.6897078052451944,-0.234407800316322,-0.43676423723821745,274.335120892066
1.4532606633210343,1.7193779062072967,-1.3386057997232488,-1.3810446031537749,-0.6058608207588934,0.7215625051261435,1.9925153531681183,-0.7859860326349823,-0.23086637384476896,0.6929186230316111,-0.7666565877833479,0.30381859560487573,-11.53168548210726
0.6067621502064073,0.8717025855988134,1.4106923204208948,0.36191427073052657,-0.5744867054162757,1.0745297902299311,0.5095135639296859,-1.4455181477453234,0.2252697220150467,-0.30971081180657256,-0.18733030982130086,-0.7974381170700989,45.00772580745239
-0.45669914469351297,0.25203397993487703,-0.2731522465199018,-0.5154692730838591,1.3845049626510342,0.030140661315177376,-1.3412597272367377,-0.07833084893015722,0.11198193262125772,1.3442845752345964,0.5385031566390435,-0.48016228319304444,23.476232158414014
-0.8414495141290085,-1.934087745459577,-0.47783985070379115,-0.36515261319821335,1.342180131244854,0.6872384503952884,0.023080658950420673,1.7531948020655854,-0.43578972962363594,-0.04460653218300141,0.624903594654043,-0.8404929855066914,-109.28916986079408
-0.4966510521282467,-1.1652019999652885,0.9230448272267618,-1.2451505759600856,-0.8141532565976035,-0.1435815887121344,-1.4603024352092226,1.2696132625998429,0.4185145591570548,0.4060940188486671,0.18794177643275645,1.3576196330501393,157.44914100179946
0.7177387066589793,0.9859483833147212,1.1469628682551696,-0.031471370203683895,0.2079200673839576,-2.9667530687407306,1.49116640428018,0.367199798775388,0.509887247921195,-0.06487144105336112,-0.3005359851787682,1.5095239926988544,221.37314871872692
0.5568747223681456,-0.20937561331191326,1.8640485304117584,-0.6181750421001689,-0.6996008087023639,0.6297395144087381,1.4548261741466506,0.17394720841281136,-0.265920074195552,-2.141430880319705,-1.636403019206485,-1.6191730565158649,-212.4425283752691
-1.1541633847795414,-0.015471640726739578,0.8552015077482625,1.6797473822215292,1.3137821765718076,1.917259148426123,-0.8679754225283319,0.7399440513793163,-1.5255717080610838,0.26429021015325105,-0.21359324220504247,0.3421060396504182,11.619538307644326
-0.6650459180031121,-1.8537322412191233,-0.8557425799515072,0.8844424373817379,0.18291456362025593,0.3588480726789188,0.46215409605967733,0.49955890824920274,1.1888062411931566,-1.185921599186856,-0.10919309450055267,0.28815004154025464,2.789081431686162
-1.5841359430054898,0.8950383140761154,0.2671266510114834,-0.060660813814620775,-1.5811907020321334,-1.5137143926128271,-0.4830610516834395,1.9011906857530074,-1.803139676255945,0.5087250232299338,0.14679301198554937,-0.7084067669104628,-183.06893193244474
0.5179947763914519,-3.1704257358780557,0.02620475277403566,1.184256645196173,-0.0809173376626882,0.11179915820338826,0.21060083929764178,2.3883719928704386,1.0071572005966691,-0.30356432526591504,-0.4884760801103597,0.7228268949855121,304.39215274615447
-0.82688035403986,-0.8031789506803448,-0.22647889190152676,1.2269332238843076,0.9135846262332494,-0.20367375017696587,1.4926885689595217,0.7660802783846903,-0.877982586756561,0.3673655068161781,-0.2711236010425688,-0.10015407647995278,-11.47040961818511
-1.4089191026905248,-1.1132948341146311,0.44489589500988425,-0.16013013959793715,0.8918630221607488,1.455600479257298,-0.6570352370173239,1.4930031044432035,1.031653774575175,0.8507193944606469,0.9945582357416216,0.618360566259665,232.46606995834196
-0.5993750229537729,0.6228499323474987,0.005243699718183166,1.3538723741654128,-0.45006547147924364,1.2378163119734618,-1.0676204293825944,-1.7131345290908775,-1.594427658794367,0.046980593764742055,-0.1423794850212935,-0.11453984525261789,-177.40762659550043
0.9465770035733866,0.09112486725337687,0.6040516449216232,-1.326262161949157,-0.07083684791609023,0.6322163140318503,0.10769944910661848,0.05389734703320638,0.6823387820596591,-0.4100294115389108,0.9982176559717297,0.5574085568511856,51.60268036000331
-1.3048168904329494,-2.106889114626081,0.44166256418606065,-0.12653257974705998,-0.8374057253154913,0.6951652483301405,-1.4239581121976068,-0.8639798490760783,-0.37563366071734017,-1.4337300248102285,0.17852916972047786,-0.9103243419282839,-324.9550536290872
-0.15024298879825998,-0.39352985596972884,1.191707497107065,0.8201581867554845,-1.1195461283831687,0.07287409801551539,0.1786947168104756,-1.1430193120737286,0.0731969910016945,-0.08371795984921201,1.2292147842970504,-0.06468860503251848,41.52468420074464
1.1210306673244714,0.15519068385897913,0.00020706491819709385,-0.409282438113104,-0.32789471651291785,0.152354872033722,0.8250982646676347,-0.6947131310890582,-0.8224199323822006,-0.009300321138614417,-0.8671302157109003,-0.5240883979345925,-124.58308719401784
-0.6462423241465945,-0.5198341457252261,-0.4785542667177183,-0.18487675624526564,1.6218737477850513,0.8399445397420275,-1.332449780998205,1.161503048481976,1.6857017540349715,0.5156606300833942,0.6314186062724064,-1.5057478005641665,117.30059003894767
0.8865794927576496,0.5328917202270399,-1.4512262989011584,-1.7047757442280442,1.21317918839159,-1.8429369062476757,-0.6172857068788872,-1.1208969737681593,0.2472714521087559,-0.9242684025950716,1.202249003361171,1.0525473107347487,-175.4486920520331
-0.4853058353678683,-0.8798143535020543,1.230874513154735,0.0036956718478473255,0.5628808601743548,1.341475915530881,1.9870611116994412,1.9625871905307948,-0.742484232538384,1.6850142787085094,-0.5309708978119645,1.0114630354083562,228.59867469633852
1.0363028920724797,-0.40179502694163366,-0.5955349351838592,-0.10726476581094174,1.6994359830087096,-1.0766791274710135,0.6813623265753054,-0.01987363536831157,-0.7625192391465982,0.9005330773315916,-1.1536922813398585,1.220282896417717,97.81959577264674
-0.8309501164110378,-0.9075636620415979,0.2704568257798388,-0.48712538376469605,-0.23894804686640975,-0.863990769679816,-0.5767713305683327,-0.6506425691218269,0.04852162794482699,-0.05023810944913695,0.755391225825756,-0.5923939242388692,-90.8953319862436
-0.18859482914748824,0.18087111148243243,0.9389571782348514,0.2690526930157071,-1.4942635290662387,-0.4134487034717953,-0.49154441380690456,1.2065357234543024,0.28638674395539016,-1.5297740801093362,-0.6270486146977409,-0.9001602278736629,-84.37100917159587
-1.0553241585924595,-0.4457574597968489,-0.32390885321592183,0.20199901075732124,1.0103793132832635,-1.015995431168029,-0.8819607642671741,-0.2336069609828654,-1.7447603876053015,0.21187917882888407,-1.4427147860027125,-0.4949645508907007,-207.72755273515
-1.1429425463832155,-0.004142584944154457,-1.184951941226075,-2.013824756281078,1.0694473881241897,-1.116064176071895,0.1847686502490239,0.42262861719256595,0.17118714374566293,1.6049345017539018,-0.24791602574300886,0.11833021889820218,-28.565973307217163
-1.074661039432863,-0.009664421313347188,-0.7823539225019935,-1.321555786511051,0.24748054764010466,-1.1310672355025877,0.8789639730706512,-2.0323537642983847,-0.06727746491353453,0.8531653064131918,0.48060859334734735,0.021092747850587245,-173.26253941578875
-0.9823035803773146,-0.9040682897360003,1.1218578562304709,-1.0147594931858521,0.19613145902390733,0.41644603810145264,-1.548960525053475,2.0860470495371137,-0.05390484900573916,2.3200407220172594,0.2579759812211809,-0.36146276669398575,217.70824877122146
0.7890566873755189,-0.8610879101735704,0.08382662792936094,0.08199555641356042,0.4097627959594974,1.4558223221467665,1.4033699701251907,-0.7341737987784958,0.7045065398247231,1.4104591452035038,0.6979032725390276,0.4572804046152411,224.09714629347013
0.3131321400131553,-0.035825578706462934,0.6870657958589163,1.451001438131336,-1.1115802495135512,-1.0773760769847582,-0.531454551359215,0.33085130461557777,1.3764964500195378,1.466540859278603,-1.5678594253654559,0.8794170411374032,467.4414064621343
0.1866091231563581,-1.0265152994110602,-0.44643361455052827,1.5774532797634744,1.073631749859772,0.27902152577033923,0.132969674146876,0.24938368371075526,0.6078965097165392,0.19408999289830758,-0.7001208149391732,-0.0952955323869521,148.65472375882538
0.4337476093485353,-1.095839163003958,-1.7718966822464437,0.12019855874605508,-0.6710148456624536,0.20968606357448813,-1.1044518278549962,-0.828293760348399,0.4575419340047812,0.6368701583954032,0.4335416104725293,0.4508123363317998,42.61732390293211
-1.1065259087416703,-0.024125087110003277,2.5733598032498604,0.6962063648134184,0.013929291912946203,1.1265650295477574,0.19808476076785494,-0.23093453020867796,-0.26888869055483056,0.05921843401448826,-0.14436041192394247,1.8489560949453452,143.18183290964683
-0.9009211185541528,-0.5037223368294537,-1.0126855633684928,0.6037814695529586,-0.44579531382681703,-0.5417732360116019,0.5259372802546505,0.8452732970420956,1.6742707660711302,-1.7599588821492502,0.24389094162045094,1.5153180943238018,40.8206552771093
1.4194556807978391,1.178865937036939,-0.9154770290902925,-1.0179114904771591,-0.5028687536709558,-1.2876052836530612,1.3111622966036165,-0.4513028643436646,-0.9004484613780268,0.12645921906069005,0.8640699821389469,-0.8221656066894069,-167.36728061220606
0.39662793922145717,0.03756685870725232,-0.8331415233289663,-2.9937066026606227,0.01783225452975753,-0.49094894973186637,-1.202671507771992,-0.40231002275272265,1.384871093794044,1.065963719731826,-0.9900137139031393,-0.8312878954818901,-6.8199930653023415
0.04643654815614881,2.16325472330546,-1.3598561409799192,-0.3933388123273607,0.6454841811410754,1.2784518626072987,-0.30777823495300083,0.3686733088729012,0.19109906801990334,0.7462535660272207,0.21915032766393897,0.028744822934817487,21.80512060112765
0.23070090571868349,-0.31771509675623405,-1.2601647651725802,-1.6431888111541673,-0.375196380323937,1.6614701657280182,1.2816437950037687,-0.10325476014904739,0.020886488295961788,-0.6163614080394775,0.5576910607251245,-0.17585440443207118,-216.05947597437262
-0.9240628073410654,0.7026599984993058,-1.2535060123717616,-0.6302492950044363,0.3857499681816948,-2.7075438553811773,0.2408767572004076,0.8331577666294346,-0.7199895332219391,-0.21495483807895113,-0.6656934648935469,0.8642483846986365,-175.2340952705813
-2.388531462477686,-0.8033604327656939,-0.8343381865826627,-0.2802827130771807,0.11835020112343628,0.41207113706602394,-0.03813456882464037,0.6051330157589494,0.5251693132621684,-0.691054377393896,-0.21053494035299194,-1.3806521701101395,-220.63447386808548
-0.45209033283308037,-0.06613261462582246,-0.4700421477595015,-0.0007085945766459172,-0.4367197360405955,0.6045153263553668,2.0997217891665154,-0.31305803052315434,0.8823330623234091,0.2658782296520485,-0.24702570074599667,-1.2504077339697175,5.859530096684924
0.5711026285913683,1.5301856237965608,-0.7706179501253388,-0.7163942937007461,-0.3146014474420489,-1.0802670597806927,-0.6421271738316033,-0.15914947153772793,0.380067440573832,1.5206400960170445,-2.0265777765994355,-0.6389850540666776,120.76820365063203
-0.2215132629521239,0.7658782794806148,-0.02230028371805305,-2.839078659485427,0.20475888240178416,0.9567031863856584,-1.6158867874104728,-1.1511537365528692,0.5169465157483709,-0.6888855425754056,0.29964768783734813,-0.809380821082754,-286.99008880760647
2.6930336639804966,-1.7762463334664518,0.34980002456790754,-1.7858664919341112,-0.09546424708907303,0.3011073391917421,-0.08059974929676088,0.5731278132412001,0.18383451632250436,-1.0040545968420103,-0.8330560570007587,-0.3596296724524624,-9.451905257163912
-0.9201522314576858,0.17782979970543425,-1.4771644163123816,-0.6008296390959147,1.1026920460743783,-0.06015449940512768,-0.5297677059230407,0.06578468947474944,-0.8727849535276425,-0.5102911595630633,0.8048559381800797,0.7796961821794943,-257.30544042873515
0.8371544863313845,-0.8370901336150396,-0.32115903870570245,-0.63093083373779,1.1400678464951604,-0.5479958187411378,-0.05872042710462872,-1.1140813582330875,-0.21415031071118876,-1.5856257067695927,0.4465365069407115,-0.9420601835742449,-293.4614115844965
-0.44360683020738595,-0.6290378612036109,-0.8538230875043771,0.2775525134935317,0.6989530717174212,-0.9969316264021268,-0.11765493160216407,-0.2570524088130647,0.6882053064528827,-0.6431833420270304,0.015027750287097009,-0.9331060771871093,-60.45492397041556
-0.23860553171462742,0.6856563925137109,0.26841327369456214,1.3345061333378379,-0.8281805638735081,-1.251356182239287,-0.6391935337501581,-1.1068702915340567,-0.430996200219813,0.250951020712043,-0.15627633670504304,-0.547191788882491,-0.6382142359739191
-1.422974925261673,0.37976763604089603,-0.9701242603796436,0.4809080927488954,1.2376537575119981,-0.5282970466629792,-0.9680457585102453,1.1818910929599615,1.036087651046256,-0.3975577654917214,-0.31030770538490365,-0.20252422706483003,-44.464982301126895
-2.8485426206300755,-1.1196698946261439,1.1487657003721035,1.1727290192593647,-0.36244094140313216,-0.37061433208610595,-1.2946814757209058,-0.025554070991445278,0.7716987106483447,-1.7397137787780996,1.1608267873785194,0.5436001545944323,-72.90180721972462
0.6622629821596197,0.7267940464018038,-1.0391111683677392,-1.1207676506962496,0.24511428437261784,-0.05080078861953355,-0.6281493997556425,-0.0120435529599315,0.16064994035311653,1.6875480552367936,1.2863821369955335,-0.057397463786793744,100.41683305112917
-2.132595626154836,2.3079162506161106,1.0126374096440718,0.03944704824073949,3.2430929695947333,-1.3158158164275071,-0.18144906924751675,0.4240668615184512,0.2810092502818063,-0.1581538443723203,-0.10633700253131496,-1.4359095238685275,-93.82489146862122
-0.7790194215199856,-0.8186050266600786,0.27242139665360987,-0.7386974983295628,1.1910858547734768,2.0225902305694814,1.092106783982426,-0.4124790118879367,1.2525407310292307,0.417465089821295,-0.5479053042069351,-1.6270049208667487,-6.959805255938409
0.34355457703993575,-0.975532935614632,1.8752253884833885,-1.6037294750298954,0.5981721503347945,0.019290880373942807,0.7679376635165371,0.4331840672715426,-0.02230853891243119,0.10451403607582113,-0.5263908651106778,-1.4439289224922272,0.31946760593150003
-0.5149387064332724,-3.044656539243162,-0.45669761502324635,-1.0588001482478198,0.4562494885285328,1.1214992118499283,1.0216352138276081,-0.8246120097650219,-0.6610250546274942,0.33899351380941967,1.436368034243754,-0.7155129854852287,-171.03823978410537
1.669021525289393,-0.2727235697476705,-0.2595913513636048,0.07331796718840389,-0.24574306408594432,-1.295078772063616,-2.6968866429415717,0.8231705839619146,-0.3357846992901282,-1.5031429531181062,-0.05429486651781221,-1.2899608997410539,-148.64620817125848
0.3683520038409712,-0.25177867392637926,0.9772633703031223,1.8068588841465116,-0.04946657132325152,-0.3306586623763318,-0.20963999341916223,2.5083062730565633,2.426178003841775,0.17969538110620695,0.6084916486780788,1.4939281436421976,565.234013883651
-1.451834745168435,-0.046496581126557926,-0.664700905151014,1.7772947680304536,1.3655603704321775,-0.04233189566021276,0.45005467118514625,-1.9128513533478293,0.9068341463729263,-0.12107543239055386,-0.5895789959361277,0.4838411250264615,27.96014535123954
-2.3140440660001054,-1.580603940809169,1.6734418856229851,0.40327456303717174,1.2270345970488723,-0.796064137720634,1.2445651603552557,1.180989905305672,0.10291739052323721,0.44174673637755724,2.2314989110277486,-0.9667018907026598,14.602757159121772
1.1818900425588936,-1.210160502980885,-0.06644897530945597,0.663545618498435,1.2272738220812627,0.38142561753434195,0.4385792909210054,0.957993941480019,0.9972655676588726,-0.35807944617931886,-1.3700266273644293,-1.0260808441956244,179.19453547211307
0.5913492417584003,-0.7893385057196743,-0.7239903317426091,-1.1071568168024517,-0.4519493719118777,-0.15129922023252232,-0.0070449854805546995,1.2960630617813962,-1.3957892021924851,-0.19539035117702397,-0.21560957856802238,-0.36550593698526584,-192.51943208106422
-0.9773641174837107,-1.2738373251342043,1.8876251206260046,1.5745863577623422,0.23873792529135657,0.4457598512171287,0.014694095544366792,-2.355703490127358,1.907490672553268,-0.9652140767505479,0.3861664979983887,1.0864801228903818,191.14840072183262
0.09782717470792267,0.45358552350921844,0.4360057752225798,-0.6836342822863877,0.392634115650968,-0.014270352949388505,-1.5822231667464777,0.6891644570743356,0.14959795751878804,0.8438395096417373,0.05022769916568044,-0.2737292521667607,90.802884722324
-0.2766717717191454,-0.10358685340578061,0.11339439196668935,0.3826535514774916,-0.18820243877282114,-1.742771973881041,-0.2138751675546389,-0.7538621136909615,0.4094385306422523,0.45899400167429094,0.9703162017882814,1.1249325453032408,121.96644877104164
-0.9607795582448903,-1.0345979596066548,0.2541276870714354,1.3006254010559588,0.39188126224558456,0.2274050789916206,0.6506676287920862,-0.19807363014936016,-0.8898447709411417,0.6970509788397266,0.4259109671014114,0.8678054595424457,32.06896244054164
-0.622270222893996,-0.6078238926156243,-1.8402663847955685,0.2691809202551599,-0.5042980158126232,-1.177761457991358,-1.765387587029974,-0.8800119816907639,1.4697842587874956,1.3281660539573328,1.7409414865969908,-0.21578712632821961,122.71794491403871
1.4401172154494728,-1.4307751021180481,-0.6763923020592697,1.3291525301324314,-0.04015795064434341,0.7090037575885123,0.12810441491078928,0.6427227598675439,-0.08973569428722672,1.8009404329108156,-0.6810516574748808,0.19652116970147013,344.743361147813
0.3794053976051097,-0.06953228624226938,0.690472686121513,-1.3525086894407223,0.6577631761503737,0.41299891213779755,-1.1869933883057446,-0.9587784561867748,-0.21406769772786138,0.26561699317253346,1.0578141808207961,-1.58358838978758,-132.72689094357827
1.3338857455005728,2.8243305910030463,2.497415126419854,-1.4362538649281178,-0.6411142602246448,0.7165893397596517,-1.3189684983025107,-0.4876334209549628,-1.730262730484345,0.04600638673634095,0.020106466869098387,0.6939232331912581,-51.15442822714207
0.18474057889572446,-0.3574454228104272,2.0236062192296393,0.15175799224874037,-0.19003903500149447,2.0895387216947734,-0.18039168176240783,-0.31984752325484395,-1.6076610271180587,0.006799844559997769,1.3728484746765302,-0.835142901630023,-107.69080326314341
-0.5292010098115129,2.9181735550600925,-0.8692869869886438,0.3255778167870701,0.13735247940703602,-0.8522246429973241,-0.18414581568320207,0.7466113646021572,0.5181017020299757,-0.010867137034972144,-1.1301787294846835,2.2758254276476375,121.48842169850633
2.3654077719999735,0.19265153264802468,-1.4387201010568695,2.196646054978954,-2.3784316598733284,-0.0017141536690639572,0.36539424192514075,-1.2261793578126834,1.0895365830766406,-0.2252626424913536,-0.03916211544275943,0.7674793445541306,232.6735585688637
0.9334229544758642,-0.4496501938428139,-0.3617169878172646,-0.32474193508197385,-3.3755791001776,0.5102522224050186,0.7639029085756444,-1.1858149110149452,0.26201657435847575,0.17866977521907204,-0.39039446711714254,0.6611529286613466,69.72196623662609
1.4473056993918065,1.6406145634882874,0.5681032051286461,0.08669769941439659,1.362562852712452,0.19157739619408962,3.152056734512085,0.34756161380355205,0.5062409893059261,-1.0496554989099411,-1.123494033239598,0.3556689485632294,99.13309088749284
0.996118214911129,-1.4769249275319014,-1.3902219251534627,-0.7284616216803428,-1.0973683189710666,1.653617268492285,-0.7393714074590363,-0.37185788227866556,0.13988723283912738,0.15776143929376948,1.1918993344135729,0.31952467078295543,-39.58548976701467
1.1003928922787292,-0.7243636318034608,-1.424971171815412,-0.4583983632127938,0.22957264107425313,0.3420994815573816,3.377768241289362,-0.7967812326691753,0.5076118229432475,-0.9744525476102961,0.515719619170136,0.34936355348237974,-48.39591020135492
-0.5871152706201476,-0.8907488635522636,-1.6339229590592872,0.1165785120124638,0.5024996961292902,-1.506534030190399,-1.4268265767813424,-0.3177608940173958,-1.9655558914765052,-0.42483134752563845,0.06933716171534797,1.0715159355810386,-321.6560218741582
0.7339504783642384,-0.8034342741712571,-0.574601858183391,-0.22652747238283805,-0.3171028325739657,2.0084730109816995,0.5712242102362395,0.5558260275751273,-1.4723540615107777,-0.33577861774042206,1.3906435959499572,-0.43042769880071585,-192.5295646709828
1.477720295302075,-0.08313352572149399,0.2454986817943127,0.6040974263555673,-1.7046219581771158,0.0647913501233811,0.8234231845623113,1.5448414624182585,0.7654374943750158,-0.25518717151428366,0.9456334275676297,1.3610067047697736,292.7987712905297
-0.40122047188583626,-0.7730097838554665,0.22409248181041677,1.5327389130025777,0.09767609854883172,0.40171172209894146,0.024510174258942714,0.5193465142411723,0.6901439917111125,0.01259240078179486,0.49799829124544975,-0.1087601484568576,197.2858807497123
-0.5653499525010943,0.7914974359729572,0.14340596107130443,1.764825883791736,0.9606132325034853,-0.22366657180344413,-0.171810463802674,-1.369463774656058,0.3306132610904059,0.5753567245201257,-0.14663177404360228,-0.7742699224040547,84.61482676585184
0.3772632593422264,-0.47996464271220896,-0.18722732150688023,2.190417001188423,1.4538402371218848,1.0274793433526916,-0.7215690823400293,0.8049333907323256,1.9740786877450238,1.0326575166220122,0.13885603243088018,0.8823970897899802,493.23305436944355
-1.881849045497639,-1.0276751409259581,-0.5487249077409615,0.10855970577652314,0.15985639199740037,-0.2081168572725397,1.2657078408647007,-1.1437262073206618,-0.12853751143893075,0.09284490114111471,-0.8661748482145009,-0.0332299906444608,-156.61412779200313
-0.20493247424160788,1.1206857064225952,-0.5632097340426203,-1.3115439660370012,0.3852126522593542,0.9765065890631646,-0.1332787152291555,0.8225729212004805,-2.072135116096487,-0.7019572982951219,0.20548642756002017,0.15734656767307767,-337.4163266583182
0.18142662011397137,-0.9266983088473107,0.5950294658355647,-0.3519213178165091,-0.41299782214343406,-1.2961166642498945,-0.03143917037477642,-0.48720292119492714,-0.4561208274741882,-0.5574230531083212,-0.8484286341908146,-0.7699960661974573,-156.90254561929757
-0.8972530061612568,0.2680504275897533,-0.6529501558320808,0.12428569485085071,-0.31526633391625575,0.7769367029315166,0.7151743901280584,0.36901643782516713,0.03047641392062887,-0.5497893596380333,-0.05111869301537766,0.9360561679360162,-87.74956736574434
1.4437646040732595,0.4567532191537839,-0.0821511783925688,0.24333944932269183,0.34272534637770413,0.3520553965142968,0.5697672802322039,-0.045586016355497805,-1.251539424190444,1.1172958315881276,0.44770856001731496,-0.24123605785632987,69.62224112676535
-0.372833152091767,0.9325908318730899,1.7269638512334051,0.41953244390702776,0.22468472575188592,-0.43745830032341043,-1.4183657329330317,-0.12094814860778157,0.7223813578277714,-0.39963618561460235,-1.7608088119807759,-0.8874921778021001,81.44878017717909
-0.5509818035382495,-0.87847380134206,0.1680153405325285,1.144293068559939,0.5008315910042116,0.7638603516334226,0.7424589135926203,1.1801281737415277,-0.05310680169691065,0.9452115346114836,-0.6375875420759639,-1.387868550455802,112.33317060494619
1.0022361667029254,1.3094441014026479,1.5602555295309308,1.1640601525859375,-1.3154413070498456,0.02443184017803416,-0.2768893557688036,1.9120054690526975,0.32099756368602317,-1.9516029128828867,-0.6717207892580773,1.3491790488887052,182.40587626661363
-1.0916251721591026,1.4244958212469476,0.23384802578959837,-0.05751775300546313,-0.8360621521000247,0.2106684652031108,-0.09170602414512598,0.4929864585144592,0.20953423026279433,1.0354434164169448,-0.8877695115385407,1.0753434019568977,144.57022649922374
-0.37453415075025087,0.19337945192415906,-0.9799255747822445,-0.9982122585114053,-0.6681430483277668,-0.5330904020158331,-1.3481770454274902,0.2731184342936442,-0.34406395670422657,-1.9573385891339898,0.015682236471624342,-0.002786110666901238,-329.91908335359403
0.9911911129266663,-0.10435844943808653,0.7474449714270559,-2.025039913676173,0.45015563394664765,0.03344346797315094,1.7754908492400483,-0.2831518848798757,-0.081894379572493,0.29787619102384516,-1.4791960183577666,0.15809389857678602,4.850882445535035
0.019458255518883118,1.0469117944881394,-0.13851224460722475,-0.27131497806829746,-0.30518884548075176,-1.1215301474250274,-0.33524408186802673,0.34166023195262635,0.7093525144553172,-0.42389004232235256,-1.3410647133015687,-1.2165808041357096,-39.066255738897006
0.07715649621771674,-2.128734094414812,-0.5938114080687051,-0.13699548944245826,0.0785770297191498,-0.3409078773460798,0.4581681147886987,0.6789312900592783,0.4283166923752375,-0.16563141031763223,-0.9797212247168068,-0.5193963718261266,-31.29551514681609
0.28918367311872534,-1.5553737338412423,-1.1789234912983253,-0.20487666386471723,0.6095260452086012,1.6075783063995104,0.20084509311570958,0.7436517755401733,-0.020560557350507186,-0.21966945235096014,0.1007910726448063,0.03139586553277644,-15.869519043087642
0.3405892164004968,1.1695899924277735,0.39069592092814415,-0.9175028210142636,1.0473177066214483,0.271495310825648,-0.22939074406802776,-1.1225448062444139,0.5514762752395233,-1.326472128311083,-0.04347694981386243,1.0176614668435024,-106.61673333884512
0.5332073178993125,0.8417807747840127,0.16540366029970424,-0.6516751221564157,-0.4836171395554367,1.5994709401137894,-1.0512200297825027,-0.12854629325195685,0.7031425422200039,-1.3820175686924376,-2.5317693162508137,-2.1943824698200243,-166.98150811675433
-0.7119732272589228,-0.966246319753254,-1.5428032182428997,0.7938184671438157,-0.484173951248737,-0.24638340251454802,-0.17537845589869072,-0.43277388358838864,0.9863765059059371,-0.16063111952549436,0.49150564724678364,-0.29737607924310644,-1.594579837434349
-0.8192664641893721,-1.1040256334723855,0.955388571179851,0.924721805513421,-0.8938164305816126,0.0867610754626467,-1.4902475232990466,1.2746531240383412,-0.532836268779924,-1.1975323112651621,0.14641429184260343,-0.6626914834880354,-61.364406406948525
0.1537251059455279,0.5607845263682344,0.058208718445999896,-1.245738778711988,0.3577873603482833,0.3853173797288368,1.083051243175277,0.21409374413020396,-0.883857436201133,-1.142970297830623,1.053802052034903,0.173180925851182,-222.18015919550623
0.018849622944847662,0.2871241652018242,0.7082144232565571,0.44194064956940904,0.9531366339132451,1.41093237974627,-0.6124373746404379,0.16865467196672768,-0.09858813228426173,0.23321613126350166,0.36150352520610163,-1.090399077442846,25.21262047580312
-0.9106450871824898,0.3807780713650517,1.2710653260070335,-0.38654161589775976,-1.6178006138153371,0.20832250862559215,-0.8174081344143398,-0.6534628957248072,0.3603687159048611,-0.9800623018406142,0.321291470757388,-0.6355410988155566,-106.51930801991674
-0.06374528550396617,-0.12740687238995974,-0.8774840221556317,1.1912606816318325,-0.22001802765967404,-1.716033248310689,0.10264552853966442,-1.4605008994184878,2.7107942990405327,-1.407087194784017,-0.29779615622396016,0.6751370564069208,139.51902247635033
-1.5515374209681267,-0.032481035842094615,2.2143299425565965,-0.5945036959490072,-0.32175270399020833,-0.5772287257105709,1.9126881343567956,-0.6583827179404454,0.15252588289761657,-1.3477092303094034,-1.32484578093274,0.4781405755558084,-128.87146108343273
0.6713400764504657,-0.796025856803489,0.21319662823768915,1.3404504460231446,-0.31905393566661816,0.11502607914741717,1.0760071385985983,0.31917451041918043,-0.1601327955666404,-0.7519693317388191,0.02131164867194222,-1.8751724696457446,-19.58788572574008
-1.3559703448599638,-0.33143137128150285,-0.19578527096858134,-0.9764000486637974,0.5704211733607956,-1.2331013050148552,-0.5186667196212101,-0.017894977008350053,1.3909723580014006,-1.0422715880472484,0.8532015450515544,-0.045254301964336476,-78.34018639973623
-0.3220281544920584,-0.736770135947622,1.3254321090950785,-0.13006029355362003,0.5859042011646491,-0.9425580057918763,-1.4152671919241875,-0.5561187467607805,1.6147787907098514,-1.4068150094975382,0.21853404241094568,1.669069525826331,128.06693385596776
0.4498272137265099,-1.125654967800585,-0.7075522852941063,-0.09676010318688932,-0.7202120210067899,3.529055187570484,-0.04129136178466144,-0.6332727047102726,-1.2444864498888657,-0.5387903045767108,-1.4745026870482356,1.0108397350203135,-165.0551949503799
-0.4586386361010845,1.0768481446576803,0.8567024802425557,0.0013256887344072295,-0.8051717517428763,-0.9575689550152119,-2.169677417725702,0.8811467208133691,-0.5893322314273619,1.6773770878054892,-1.1941894010922893,0.39542098538803816,152.40846414299764
0.3314708963308953,1.4758791505039655,0.364561477355457,0.18198988262279764,-1.2843870360725143,-0.09830984745437601,0.491445510894402,-0.4377373224043246,-1.8037504840924963,-0.6801734763479509,-0.2290810309217097,0.4394860480085117,-202.24230092539847
3.112910201043841,-0.45341410838385404,0.8080361894020714,0.5667717261841796,-0.42375968202270325,-0.048965030858450255,-1.795643172630015,-0.11480224875906367,0.7114105794654951,-0.8480655980305086,-0.3300901917014373,-0.6573725539947244,190.31867939288844
0.38115838488277776,-1.2242982362893657,1.2897527540827456,2.601683114180395,-0.13845598398377382,-1.7607627591558177,-0.20902325728602528,0.24075317948856828,0.7533416211045325,0.6731813512699584,-0.8505204542093001,0.5655096456315442,391.56206350332303
-0.6608411967525808,0.5080122910545997,-0.5751864496435164,0.5125436283994018,-0.6401465050936997,0.043900533123388444,-0.7131923043661328,-0.5678078421841054,0.9305333193245915,-0.011900823094228097,0.2263042077451344,0.29008789963543236,62.238355802450116
0.23061084876621443,1.0628536930332164,-1.133421018292623,0.08747375368073924,-0.8953543736592,-0.7180647836182643,2.3378277453883,-1.1433389910838607,-0.5878563049080002,0.34992371524939253,-0.8607568017018197,0.23304295152948393,-85.39721613580211
1.6259589153620633,-1.5166425494207911,2.218780233448134,-0.2739930818293042,0.29562448874709507,-0.29983819627488056,1.4769344261182744,1.5628887685081978,1.904136589573007,-0.1590452104000513,-1.167779551267935,-0.24338397937501807,430.5077679036839
0.7075918219746196,-0.47364545765119104,1.1782528475480023,-0.11766730219285336,-1.3756340887863618,0.24495709317200393,2.9430483352686214,0.6353291952162062,0.47463348556679213,0.40813591277835637,0.7244910603817276,-0.4554670562497405,185.93697554743423
-0.19090379172729868,0.47240627788037737,0.7197579421481819,0.01914777741575206,-0.9564363768180087,0.487872284871074,1.484116028535965,0.42588720619303577,1.804348109786743,-1.2932729578711637,0.35561334878566,-0.6414869090443096,90.88722118131844
0.5384349572164524,-0.6867153430032953,0.7157342411708404,0.014508999262654136,2.185094895036112,1.2543383607573395,1.6238849928111523,1.2880757248523775,0.7310006267854814,2.394361900582451,0.3831681897589003,-1.2361357960304624,363.2925906191841
1.1121006192213385,1.3460997945142577,0.6852900847109679,-0.7474556539582122,-0.3028852437989931,-1.4028661572078547,-0.19330422644796988,0.3973970234592343,-0.10813899039141675,1.402009325919122,1.471585082569894,-0.2805020534116174,164.3178812980388
1.2537347862197346,-0.25460798601388357,-0.7648492283081031,0.6491477210704204,0.23787515634886738,1.718439615602714,-1.1096093679030308,-0.22666220372399956,-1.2896760979610558,-1.7959827345840234,-1.681376891715264,-0.45325952594704233,-275.5378021703749
-0.12574629749577262,-2.0534865486558886,0.6712701367053535,-0.5738199139101188,-0.6275400027440727,-0.568876975197369,0.36075575466383486,0.32864402580480856,1.4086194934459193,0.7460239529828163,0.0722883471248695,0.7831556560131748,250.6740946517983
-0.25772456158629525,0.679373170574121,1.2833545772882056,-0.07937614002031229,-0.8594597234480168,-0.0963846363148971,-0.30466783375565604,1.2972975339255457,1.2373697935635992,-0.1035878946470647,0.6205008990991628,0.21446326746755132,229.92967306160756
0.9191541736100015,-0.2500465145989528,1.0005823180429783,0.42719436187168486,1.3924653000643288,1.775310892609512,0.28869362927985703,0.9694572005267368,-1.19363683175648,-0.6706202090766449,0.2603218387712207,-0.646227309843803,-44.76802313243892
0.10752500043079882,0.3363229693212808,-1.2787358548192564,-0.16164379447861094,0.015123261584553639,1.4238989372468513,-0.3746228193260549,-1.1627104393277614,1.1711190647375707,-1.2258922634399458,-0.48016958420723416,-0.4644017814099108,-155.4074858690803
1.3686315575323487,-1.7587394864231143,-0.9649234605801045,1.7553408424432044,1.0584244868495878,0.9715709509543554,-1.183258512665775,2.060747924881987,0.6453759495851475,0.6860514599984393,-2.0392321777601006,-0.2489641484790735,344.1327915391039
-2.3648553727915123,-0.04091753519506904,2.052073311421935,1.164990882563923,-0.627092824772296,-0.1692744383326247,-0.14648067072816137,0.23386510100924698,1.3523625459261506,-1.7059590948907353,1.0064110400265547,0.625318334021503,109.12784470281365
-1.1983921249520453,-0.009182353385138937,1.0841982440435427,-0.2205382291565374,0.19839351717748668,0.5402879440356954,-0.5177574472222197,-1.5100412119852522,0.22328091325537056,0.21030304022199536,0.2178023397487261,-0.19370537980496205,-20.381606975070802
0.39331783939437187,-0.1524698363805439,0.1920491164900316,-0.3164084496948019,0.1335409047822823,0.14171691363990474,0.7081086766885905,-1.092312764672579,2.319329539981694,-0.3091164642025014,0.9567023167945841,1.2130976999791834,219.0619512653716
0.0217130184848427,0.46852360281883604,-0.5911468299256105,-0.6760543665488049,-0.5373625893133998,-0.25308684101411083,1.2160065389114765,0.5698763759795229,-0.4198469958312289,0.32868234949648295,-0.7193216868081737,0.9937402628679574,-16.226546372769945
0.7124817644338045,-1.3528658889640388,1.031380525277331,-0.12492159532356542,-0.9702713259082388,1.1433981071495527,0.1487806348073052,0.05651064846555637,0.1501356539562031,0.38818579565473343,-0.17125630482493448,-0.21519632356018042,106.84668229518138
-0.01979434452070797,0.4506130494313883,-0.48231357093630295,-0.5001978170959958,1.959837254744675,1.6367399618306397,0.08277290378542575,-0.3733684250030844,-0.1833007095261973,1.0989833574419647,0.03678283317423478,-0.16985235767773066,20.39814378788401
-0.31026675659345604,0.5951570254369136,0.3241663524884421,0.8135096360006385,0.09699596499271819,0.02100384163275905,-0.8182206832334725,0.8254163489880298,0.6819529712949639,-0.13014305436768459,2.0923872756854602,1.305478807154329,215.2773667732839
-1.980836470922634,0.41478446207924113,-0.038323835697372494,-0.6789803464631321,1.1067745186243287,-1.874892064047533,-0.963396341198569,-2.3960822883304163,-1.1574157902154336,0.8187659708488161,-1.9320651585199595,-0.4805744132024745,-331.51058700942525
0.8872908372667421,-0.20931381957936157,-0.7632861041785816,0.7426824183597224,0.6833289928110694,-1.2376624223272978,1.0729780477660118,0.07595526791608741,0.8691560643892732,0.03793783544760203,2.3638724946193608,0.4822489526806572,191.46812633081845
-0.978740836309766,0.1884757610181029,-0.2724100166036872,1.0821123129931407,-0.8050951810305088,-0.8516621743343933,-0.6566893456274132,-0.2573000006177896,-0.7589706989033448,1.233724278336193,-0.26030904127143756,-0.12903411512978377,18.021803381340707
1.0450884740847535,1.5634133588321082,0.14488783309689118,1.090980425185967,-0.35141423571373254,1.0237095461069814,-0.8184286659420014,0.38680852068920263,0.24930859564172886,0.02390304328495547,1.532367724678116,2.012270445700765,256.8837200610335
-0.6197721282538776,0.023195978557374822,-0.9087696708079733,-2.2494324542007638,0.8422973270139027,-0.5571305725722312,1.3510157524870003,2.571995317494969,-0.5864151488887734,1.6845248346034518,-1.5125289652988756,0.6087355891244169,35.73402014086447
-0.6794449849177494,-1.1797767493745086,-0.012024028913188147,0.6946691241185846,0.4891783506377937,1.0716803738905898,-0.029351702115694548,0.04729874312872792,0.29522475834524275,-0.23955585893709952,0.39530725264933086,-0.43651486326554356,16.794847466194234
-0.6332313967149771,-0.2218882712922687,-0.8506132529519478,1.1839874431968893,0.7556658387443146,-0.06003754168856451,-1.349773069381231,-0.05704116685294176,-0.601944441935177,-0.5410068657828994,1.7681692930597834,0.3418252139549665,-61.359595835804534
2.589563642018614,-0.35316629281068834,0.5796331732135757,0.4283070972076486,0.19438430157733602,0.985729995679863,0.33848384346169114,-1.0623935281468797,1.1873860515647512,0.32579631658216646,-0.29540141013902943,-0.18714426500454878,309.6707357892609
-1.7016658582874162,0.20335945999876773,-0.8097248357672839,0.05844948070564989,-0.7871740699869963,0.421716933003097,0.6817434088151417,-1.2894805872096875,-0.0596543119921916,0.18780033804252202,0.9625028858001017,0.9126203225404405,-145.5955004251817
-1.4066610968482223,1.0536417966078395,-0.9232332461109043,-0.7257438131534656,-0.9758732529773327,-0.7553829323533225,-0.949398888831943,0.517659020469123,-0.6115178029919482,-1.3516846056163336,2.632382064837391,0.18676676447707832,-311.4953643417979
1.6426729532559634,0.6031874310823431,-0.9006207346478687,-0.9020515543575104,-0.3286184757489846,1.1254347844147694,-0.5441140021141926,0.3764095260975166,-1.1894118928673278,0.638391925608383,-0.1627929060722942,-0.8696630812746944,-112.70031508812075
0.03855516878431771,0.6036457389607386,-0.4836586374375685,-0.11599707232153356,-0.16841971202888115,-0.11381253841375806,1.3746112675765545,-0.7423863704307346,1.0852222636616315,-0.24672442411444054,0.3596808476863211,1.8978872926587056,119.26568460183059
-0.3864948903227902,-1.315438265887262,-0.8136645751375527,-0.630863510683409,0.32005819149324455,0.6927757697082377,0.9948686937879384,-0.28212494313773495,-0.20470723352228773,-0.7696664090113885,-0.5338446438149185,-0.8644303136735378,-202.30083045260545
-0.39156997735603927,1.4950303097358375,1.50506203860833,-0.048829835933703165,0.16279661809991253,-3.688365291428444,-1.3129685299472729,-0.3754074464839619,-0.8076505577467649,-1.0800026083821321,0.39397522586440237,0.23545579511111434,-151.09332711903505
1.7522704434236227,-1.1290517712172292,0.9356783931474612,-0.37144086599579146,0.7216720640432351,-0.7778166875908753,-0.5245202662797737,-0.34268759408034877,-1.1105758454658288,1.2715550949941588,0.48937456122791806,-1.4075116947178212,66.59648126014413
-1.1081124582588693,-0.27751361886023346,0.9760407193559466,-1.4069434005131694,-0.6286543050745702,0.11088638282841785,-1.0363092473737703,0.31996519114516303,1.704592093297377,1.399486426972343,-0.20346114108030489,-0.44184892724082386,181.2792083411726
0.12307820165618115,-0.7567639770159263,-0.1131280525157404,2.5115565515844236,0.23278674294016363,-0.032280611049470324,-2.1899217049785533,0.3467099776049199,0.6405429350747734,-1.2992163634458243,1.1945922205137307,-1.8400777445057528,1.5415765256061889
0.7595000375161222,-0.03204237068048687,-0.6167753615197077,1.021624764399948,-0.605679999935798,-1.0500547898231862,-1.1809724836643856,-1.0633544998303186,-0.9096897884083344,-1.3479957843671688,-1.1516811090343435,-1.0559898119268434,-264.7954275795072
-0.5552861026010363,-1.9227717720623363,0.427962626552635,-0.6798885397361863,1.639256516741752,0.1918895450216474,0.5770721838351396,-0.8335982829664064,-0.1605596095017974,1.7230747176462498,-0.17802329006383844,-0.7959703738504983,42.896465330597806
0.669085210267524,-2.0017401674762616,1.8690665036782608,-0.741498249912725,-1.6651252963040444,0.12146106419954589,-0.15046814149498222,0.43521152828960236,-0.49945119288521345,-0.7542981326071427,-0.6631645901261828,-0.34375651951011005,-38.40532030560851
-1.017764309076953,0.9282456913443246,-1.027403551526011,-1.1200474224698722,0.6445184916452914,0.6037905202778941,-0.49653173548196905,-1.6885051880685,-0.3918767653868664,-0.3732682459413141,-1.1534924259847839,0.6709112482768751,-287.0306341943501
0.820344012612456,-0.19646658342809717,-0.03361256470371301,-0.8043157596599924,-0.5164296438875717,-0.6315777291653314,-0.20585943088034037,0.6295295842218108,0.2531652380379812,0.4547409121411344,-0.7465783465402389,0.8953554307625996,147.0460053990934
-1.4222537095976742,0.8816397569494505,-0.6465728842425266,-0.9555404406004258,1.6871416350725648,0.2034636358672231,-0.007972641316617372,-0.12791759148076653,-0.7563507452843033,-1.081548003614395,1.4799441388900259,-1.6064463202575725,-396.1256796063986
-0.8098900990894081,1.391920887679919,1.419035611367264,-0.14055348550243169,0.7298193622676307,0.599450686321704,0.021888821164834777,0.709410980586605,0.38571084053145244,0.29335203632298334,0.31695200698411535,-0.6312411362407006,89.0648943623154
0.5054701591666269,-0.5089636257074988,1.0602099074988798,-0.49163618563204736,0.39241596717876703,-0.9735461997044687,-0.025574312191994436,0.20965941527462578,0.47635776935621926,2.7596600389110777,-1.7690759048891183,0.8071225966373103,384.2446892269092
-0.2841550979287972,0.35147990035220167,1.1947628618769377,0.3958197810959231,-1.372859451481064,0.73463754545933,-1.9782252493748103,-0.17909328501615626,-0.9858038086678267,0.8946471875738723,0.04693490206036963,0.6928557558178116,114.29797336749786
-1.3496496702201406,0.7195994976248915,1.4201849387819487,0.9435977762729458,-0.7066691040731404,-0.019122179853707483,-0.07022362057462567,-0.48667632288159673,-0.5459619271149279,0.5921139002849184,-0.2871095048623429,0.7065054635472527,69.47204328873008
-2.4932708203300775,-1.1738799644089726,-0.965664803523208,0.4243939378610126,-0.581782033392054,-2.2168188393540644,-0.19793772898468187,-0.7955570679408823,0.5027448074908146,1.6291663649009451,2.067906338163552,1.2795186697601588,69.59592649616077
1.635797806135815,2.3921096352739926,-0.22104246353705057,0.887079776446287,0.19259691873130513,-0.14720527868559727,-2.0993562644190256,-1.1979664292172616,0.5648423586001226,0.06936980265806943,0.683223014788808,0.2867741123825862,177.04629534318315
-0.18398333635267913,-0.7783047254023127,0.01843393306539316,-1.7101683926566256,-0.5397596803093615,0.743264094022715,0.19584525509768155,0.3078017688920592,0.17086543812794186,0.34758170536167105,-0.978372777615032,-1.348185422105713,-94.10971132754182
-0.44787764493195836,1.465210503481381,0.6581430360025633,-0.07782143613647309,1.5929640960273812,-0.3617238360933866,-0.8915434898545047,0.7034921482250248,-0.0628938668998582,-0.3952835480161807,0.06970426942928022,-0.27595145169613816,-29.051227864855917
-1.3204934434050315,-1.2101609434141578,0.3374820747263991,0.43841269949664524,-0.1570248284447078,0.13249714349564554,1.5914003677628041,-0.16195481694132746,-0.38148941482409277,-0.26330780687791616,0.8767141863861161,-0.8839988567464406,-157.15410739183426
-0.5076941283897106,1.5907957421712526,-2.1268334877992654,-0.09426907076490067,0.27168358450003066,1.5761725277413785,0.12063476089345412,-0.684812109738896,-1.8582914882251074,0.03162197391024777,1.0440251294423797,0.4123559690859481,-333.0545035831875
-0.5653929702854015,-0.9785883899886544,0.2431346551384891,-0.5451862447263219,0.612332214002512,-0.9943550656308734,-1.381591718463581,0.7209969529056358,-0.9214510234289213,-0.47020333878531134,-1.7982147394091075,2.92727009247333,-44.264143465727415
1.2075031949519206,1.2979165056607622,-0.8138136419289294,-0.023393960243946223,0.22654275093099605,-1.1013266287697099,1.2625774069641502,-0.5927992331786469,-0.6270508454473506,0.18046814183120646,-0.05750296879491637,-2.382762352073065,-160.56917767392864
1.7246966497611085,-0.4242363333980435,-0.28744751940035557,0.21539650545628794,-0.04551224530124217,3.9262377064363267,-0.5698329282387588,0.7682072166317373,-2.0841129394985884,0.2873289044030093,0.32950873557300914,0.5082686396745896,-34.508436891035174
-0.6951493580768724,0.46643128741231693,0.47314545326778695,0.14330630500000371,-0.2378070374259397,-0.9253922576429561,0.5206894964226687,0.016124787900472438,-1.7554378973107099,-0.7029114380395675,-1.079532852166039,-0.51590531313234,-281.01387781779613
0.2576008573981294,-0.8707277716437414,1.8921917608330678,-0.22011373125482853,-0.773029709602703,-0.3717790115234884,0.7245917787231225,0.5907443355103258,-1.4776124069194447,-0.8837191406910628,0.4484854541964401,0.06364906149651771,-115.918116900099
0.28121168258406537,1.8325612403560125,-0.2730067480225845,0.8852563208659603,0.2811920179102754,-0.9464907959884281,-1.5302791359297876,-0.33348628096969524,-0.1821605838579241,0.5850213322877983,-0.12243598974739747,0.8790141545570074,147.35521033659813
0.5413212940082783,-0.8859707338977769,-1.0006293724832407,-0.3266475631886115,-1.2060223714081189,-0.3075714171157992,-2.8500301093171823,-0.650656621336195,0.36022603707742873,-0.8550954744092049,0.5445824007936281,2.002427467644797,-37.85444324636915
-1.4137144969049802,1.2360931752104374,-0.11122606134870032,0.0760053914124115,-0.7355299425897666,-0.9206735930793662,1.091310120594269,0.5583269125217224,0.169360824036078,-0.9039076414647897,0.609138120907177,0.5387559924463692,-94.10359161887129
0.015579047581467534,-0.8469613483183278,-1.0962750868952018,1.3757068133116195,1.5945050632249722,0.12557645347154225,-0.9913923494563072,-0.29756350335999193,-0.1730718242838696,-1.4400508825942944,-2.153390113603715,-0.15005558703252672,-121.58136109878065
0.6793813730119062,0.018790511307940762,-1.55102618198332,0.2316480716109227,1.575720450373765,1.1116314741410516,1.322926160335532,-1.1363751667038573,1.6038660672678657,1.5051959988790395,-0.5516751380466781,-0.6560347582406549,205.5601574992284
1.4985463606698537,-0.0785883929143568,-0.2717300398697084,-0.35928530430641653,-0.06330322278133675,-0.8593992108172007,1.1983685693734596,1.0896295229091613,-0.47025571626635737,-1.869731661954991,0.014336422175760023,0.7172635437832151,-131.94734565418554
0.8920675997317206,-1.5431182279428703,-0.5898923177556078,-0.34730228895784293,0.025210867540082116,-0.07823065905851781,0.16429476537056906,1.4350873992222355,-1.8418977729578574,0.6986888135170435,2.196223142152799,1.4532754760425446,21.01330286100658
2.4187777793134635,0.28802836830548917,1.495458245242957,1.360168130828013,-1.972089026643818,0.8495845310466172,-1.4439255470737569,-0.17464794568162792,-2.2185699659510996,-0.2846255042536789,0.444853537557488,-0.18969349345240752,-12.68217013539983
-0.040333910214043756,-0.8711930300076307,0.7453607240778758,-0.33303761905376167,-0.16270370156909178,-1.5478015563090313,0.07215323682176132,-0.09511164770076601,0.26425476360733907,0.0935234964386097,0.738237230816162,-0.3103909913775655,28.01371067154971
-0.06611239395200703,1.610292980482871,-1.709226399202596,-0.3884799067714809,-0.08920329769166797,0.33396514967619034,-0.9395651672539582,-0.09514812307732015,-0.17117936979639942,0.3916980160104727,-1.8082953284995145,-0.21600142157311336,-84.62157157961995
0.4939773822056448,-1.081914368713133,-0.36234755754610226,0.13965368956535082,-0.0919684662030466,0.9687698956813533,-0.40328779191093866,-0.6003856928711058,0.9671781224389495,0.7418222943901266,0.08452698378432454,0.07333674477813668,167.04948683289962
-0.31167588576523414,0.007560180394133265,-1.3290076372234483,1.9262858548553932,0.5269813913637531,1.1788434440256437,0.9429386198972337,0.06078537250130285,-0.43507724157631605,-0.7423280128765718,0.18125394834505026,0.08127716759106869,-102.02986725559694
0.33237683351960967,1.2841046951788975,-0.3764225545881953,-0.01605403924858619,0.5838830222840011,-1.330226255641338,-1.5072258203839384,0.08739142892012171,-1.9899462698211248,0.3160678697299512,-0.556717897857163,2.583573660166567,-69.3935257471787
1.2725701629285695,-1.4452052644122255,0.1263141994832002,0.5268979236657937,-0.9928660010855455,-0.19819567637971988,0.6662696720435232,0.9513062442994834,0.5101574689151834,-0.46913085421040895,0.5779785236395572,-0.1908722195531798,128.52360474884344
1.1799885296897865,0.4000000056135664,1.0522111559570586,1.6656032136865273,-0.22694246613792435,0.6994642468957021,2.2887906608802893,-0.7721923878043793,-1.8750073874719364,0.09743411029730303,-1.7632366989034851,-0.3755000400755709,-2.5822521002615364
1.876795812558066,1.496044311489183,-0.773789199103573,-0.9221653241776254,-1.7787202489042786,1.355637858804951,0.6543656563540577,0.7569886166453519,0.41343490322370086,-1.244654703311417,-0.05558467091045507,0.8696059201056602,3.0704001909559833
0.6928152103009226,0.2112093992244567,-0.28370672836473176,0.7265116223360603,1.0219627766781416,1.5844943751570586,-0.33953015666598657,-1.4972323944841732,-0.790017096815208,1.1904749851934822,0.9609321786082614,0.6937061125361853,94.51274346690741
0.08614388304637476,0.9039348410861953,-1.072139011985607,0.6931056072631441,0.4365598041576678,-0.3670278390833223,-2.3629324355418384,0.42881650033057295,-0.8275902206487197,-2.9213504834946074,-1.0097307047099375,0.1764415552772252,-367.10393068496694
0.415826629455343,0.91041849968557,-1.216896710340167,0.6590543439134197,-0.6051562356059974,0.5995775412453558,1.5737342165551063,-0.6410812665383554,1.618787639660868,1.3633765135383398,0.45668801073039916,1.0268946182579144,322.4867927687428
-0.4551717839537639,0.7798286407550497,1.0156278839944708,-1.2952586206671208,0.05245738688944395,0.5789098180691342,-0.3751089949435645,0.9714123576723597,-0.06433764737916652,0.18745938208891083,1.568518985472554,-1.18755316677504,-9.060582652765781
-1.4741321320421057,-0.4482246163001494,-0.5859276733177553,-0.18150316213566714,1.2528426344274837,0.17847666388538974,-0.6922503292658964,-0.9951484818533795,1.4288577078135674,0.32910677871012955,-1.9689231424160831,-2.1770650464428547,-65.0468425453581
-0.6760707152936095,-0.6226138999593189,-0.5719285461984328,0.0005599923396953997,-1.18120117314888,-0.7449787674850553,-1.7890123905014412,0.38714831606090655,-0.8396083720406722,0.8153241668090142,1.007117823412373,0.8264531108587624,-64.51157858162073
-0.5846177306571996,-0.6677795564688862,-0.031058932870901952,1.2289805024890619,-0.936506374789596,0.45838670355148425,0.29219272832637316,0.5348173363459102,-2.0870270186020687,-0.9096834169818336,-0.1873290184063747,-0.6373077470287948,-276.8689272109251
1.6235292108918062,-2.0017060017255335,-0.5277014119206057,-0.15032837376370992,-0.4507402773027516,-0.06701004172522106,-0.6512874649831818,1.8955073459913552,-0.8216808263050224,-1.12728552370693,-0.9681285978523266,0.200033787312328,-77.43936614364547
0.44670361080914417,-0.8089638929258004,0.5870575345945356,0.6149612320467747,0.5424239695321018,-1.489284264440218,1.5579054323183568,0.12390681652107108,-0.2459953383557008,0.006548657804539276,0.9926281029794295,1.20357805453346,120.57857418417274
-1.2578681559088878,0.33868731792169,0.7313802525749924,-0.7280770978553212,-0.1421465369405461,0.3123782104665717,1.0294574815983573,-0.3600392687569827,1.1927351654164144,0.5904220612514635,0.8723153800284503,0.3733485597113982,76.3218528374091
0.7396531517246714,-0.4114931445621802,-1.9093560875072928,-0.6121669171548207,0.07268052432934134,-0.35802937974698623,-0.08923415422144892,-0.4835614838465371,-0.13939720066323416,1.3183023248526693,-0.03757064497948127,0.4912076654119963,11.44690976166391
-0.35895838517941375,0.6868579110122561,0.7297729370341954,-0.9647897376296856,0.04303097332128144,-0.7243025342076668,-2.0653027750406103,1.1870776787417554,0.31444459087485255,-0.9310017116324415,2.1216313073302033,-0.4146305088140306,-67.30676200514252
1.2718924219386565,0.3379575282321183,-0.1108125602790875,1.6562082520572956,-0.05592044852221312,0.0022879361435040493,0.8913036868697555,-0.7352010347632466,1.0703651602299298,-0.3882430535215389,0.004229858994151577,-0.2430611988808665,143.22085099378683
-0.1903386780836082,1.9094166404701305,-0.8756182533847572,-0.8612842013282637,0.9261775475316414,0.5389100436846587,-1.3985675738191412,0.0773683076476183,-1.0372461543264564,-1.382799730964336,0.5629692366905709,1.5231240772696573,-275.27983040287086
-0.5706404302001128,0.014149264965758293,0.8524686434329506,1.719040612841821,1.4521176991825604,0.21930233720043607,-0.5964114079688796,-1.0701915628943317,0.7918593103880676,-1.2291835978004162,-0.2991817724274345,-0.8963326585920618,-20.05490629870077
-0.7308131256087531,0.6457976416037114,0.2452917426369353,-1.9911401489546665,-0.944908722685067,0.12249092537445466,-1.015663230879826,0.49982163597380935,0.0873574252602637,-1.2425008369193873,0.5382116054922572,-0.36123019291437297,-247.62765383203384
-1.9783849165730842,-0.7084881015290911,0.026185149185798437,0.7489361138059267,0.6389568142127453,0.20139455871528109,-0.4350526002358597,0.04621160367091715,-0.193155224849579,0.07128726054946169,-1.4780022553041843,1.494141897266825,-9.797237205817531
0.27924010122099974,-1.2428715860631347,-1.7101751013917943,-0.2786563338793094,0.6325827996421973,-0.24717161224439949,-2.2690772729524014,-0.9126787606958671,-0.33123930887839503,1.0371714725320045,-0.9770721461414011,-0.3874886632696904,-92.17689840525567
-0.3806946237950925,-2.7452995536723845,-0.37598357935186616,0.10338199621209512,-0.4894142344944204,0.5168252658244509,0.4050353858557128,0.47001366124666144,2.1563496317292987,-0.5610891309809973,-0.8455521763546138,-0.9864404990992466,68.43628720167604
-0.966156723370417,0.36016418394576694,-0.07938842440570287,-0.2310694774576803,-1.0056013756894657,0.8393491142316022,-0.5376457577798165,0.41055008532761655,0.8728243510056346,-0.3004659487207037,0.655403829850237,1.3931812579349059,38.314129290527916
-0.32351494678445714,0.729236949310753,0.014287211883989065,0.4205367059040693,1.6129781705930544,0.5400178017231407,-0.08317177193461948,1.5323803825876219,1.0621674475886602,0.9109444038394753,1.3773350295283417,1.8481091041055524,343.32043960143375
1.2723535001067678,-0.9600462952794637,0.7324921027798023,-0.8463159774657358,-1.6548874362282961,0.1998104337187135,-0.12270893359572414,1.2637066776546686,0.26402008133367,0.28872366282502326,0.09337237427665124,0.543479378670093,196.76594895788682
1.796665201675017,1.7984800871381175,-0.8534954800613416,-1.3121632011955178,-0.9783079498224979,-0.04147177799914767,0.5529052285994815,0.3824333156925354,-1.0990392245318592,-0.6694369136334904,-0.9365920062436421,-0.39711533156785284,-199.49784517345074
-0.7341618661210141,-0.02518868352947947,-1.4464982035406873,0.6041074554390441,1.0845005302909256,0.3463127102248866,0.6276804178744745,-0.9085025115121911,-0.6300484313483411,-0.46507594620100606,1.664641821966275,-1.6171718900455445,-334.22984958589177
-1.1512266575071441,-0.5334524457759005,1.1049972018044145,0.34222557942434556,1.257613112576651,0.04456961088927163,-1.026625482884179,0.2726335143194143,0.6312243569717831,-0.37753114855982517,-0.4581369898417196,-1.098679373434385,12.38830436521875
-0.5898947564628909,-0.7788370428204348,-0.13216935564437185,0.2215584736242106,-1.500221861446936,-1.031955242094435,1.3510728924131392,-0.11348064588214118,0.5954908976392573,0.07227896538428889,0.8861911885847956,1.2347519140447951,61.56499840023385
0.6844861335529961,0.28203621046222055,-0.8796436755512407,-0.7656111570301878,-0.2230256812664022,-1.5377078085300024,-0.1528549918142255,-0.4238335382064832,0.5647762643141505,-0.8203284611324674,0.4335624601918793,0.7341063358072487,-85.90888340011917
-0.6226717665523829,-0.16878473741594932,0.5025462464541818,-1.40822676830745,-1.4931898122089313,1.0556942488831498,0.283130822319525,-0.45699183382523145,-1.0971438697704636,1.2120907193227362,-0.10205639062884797,0.07707861138149362,-120.07831040048976
0.09931381495134962,-0.6111771520193271,-0.390408738280471,1.3098651694335341,-0.6525282932166452,-0.18455144218594516,-0.5279940217656136,0.1934485749917961,0.5923295470133433,0.5161440395863797,1.3530691601664073,-0.07434532975852426,167.0759865634301
0.7344767450012178,-1.5449359221534005,-2.077119853773874,-0.7209701084698963,2.1458249250764885,-1.03799135498923,-1.9819644857387133,-1.1694806292030167,-1.3537546747097586,-0.2352739099724389,-1.4991812019576982,2.779963624223556,-174.44313687999977
0.5483196275544987,0.22423474453529177,0.9495945713644882,-0.8449414385934964,1.855503314794263,-0.09184476433495513,-0.3464265060068996,1.0094717885959688,-0.08743532877718108,-0.059415181272494094,-1.611567359102828,-1.4990159604584012,-63.490442056934995
0.532022432272786,-0.19260643876080602,-1.03008605490443,-0.695680744166515,0.9363801346166222,1.3561067142103251,-0.7728337308889638,1.43388446819627,-0.5001526812147293,2.445769569113684,-0.11399655283962636,0.5292999339436693,165.10792711066762
0.785345603010283,-1.4035586295636626,-0.3266137806612126,0.08291185317203993,-1.5530352778398206,1.5019529651885957,-0.08378309988906465,-1.6251212588825248,1.411356861745625,1.9853803952602933,2.254038108921119,-0.4149162781203273,295.02727467254186
1.2571492168625729,0.7579218499236196,-0.5353350870162231,0.7505791675217656,-0.7309562757154733,-1.1300693390403578,0.6855077387902041,-1.5171736966716791,-0.4500128579958137,0.35845361820962024,1.8486088332964115,-0.41619440488525394,17.10900649379396
0.22399496890104872,2.9141092157683617,0.736763345167897,0.549574316064444,-0.6292337633874194,1.118338136793128,-1.2770845623311189,-0.07792273567851586,-1.4193843557960406,0.6188603301446354,-1.08318844666605,1.5089188942669034,76.3778406995693
1.3305749040390402,1.8296202017160872,-1.1967886464263116,0.5221425459339358,0.8929538701087693,-0.33078922432755736,-0.40968659262949736,0.9784221120280351,-0.7801991291174627,0.8936976893891109,0.7123221595801621,-1.1036698285303692,17.57649859981228
-1.1476913898156673,-1.6304732437151401,0.08520944963390106,-0.46649537922819795,-0.18689615816198485,-0.19050310599781134,1.205994516546816,0.9965705105794472,0.32405702822156063,-2.9911359709007233,0.7774073527645112,0.6404797952008238,-256.28485195881456
2.040133885996919,-0.6920651986646917,2.004423303675171,-0.6799058967468314,-0.2981525261999003,2.4015836610303523,-0.0682025303326691,-1.2270140772885358,-0.863189712166828,-0.09731115070159116,-1.406719432559558,0.18496258734208662,66.21862070685495
-1.527461356118704,-1.6653846382409996,-0.21941232097207036,0.22629226724343637,-0.38758089125557005,0.33516056653511783,-0.8505653895034339,-0.7877224332655192,-0.3628556273736071,0.23492812508811559,1.4545384608877576,1.963552833543816,-16.992714002216307
0.2773769379581917,0.18384954475369486,1.360658595838651,-2.0038623644067535,-3.0195121558208253,-1.2392583948534726,1.8005111815108537,-0.26451484131061076,0.05993263026632825,-1.308820399119112,1.2389463529394373,0.6354180302092264,-179.18114460277573
-0.8418216318681523,0.17615045188769213,-2.4353123317828884,-0.23066166663970813,-0.8147560028235481,1.4419424019526008,-1.2498203395893641,2.7030275644050836,0.21896391585597508,0.6841632086089545,-0.2652375404702022,1.1032175720536581,43.33465083625172
-0.3006743604436826,-1.2244022070472718,0.46330151023423083,-1.366114080933685,-0.2758957214401739,0.08184433452953882,0.5665409870816561,0.04455216557115131,-1.7681569117532319,-0.33304762097552243,-0.6484692000191374,1.0579607138387925,-248.56307389229354
-2.0858978777333372,0.1158245872269461,-1.4720370730267915,1.452755545126183,1.3784696274615047,-0.08104596472174376,0.3896045240919878,-0.294455757588034,-1.0084487325473497,-1.37383482489866,-2.220421008935126,1.5287478505409084,-299.1379692253366
-0.01109200394860206,0.017613251933657315,-0.8130143722601298,2.042076040143744,0.2257615231117544,-0.022278979183713316,-0.97536602727825,0.10343812930810638,0.32208231076698546,0.8232799156777053,1.3035079319347591,0.2773584619646759,221.94125234215912
1.945195074276933,0.5843141664353099,-1.8210860692944963,-0.3033500674771342,0.370211889941741,0.7662429750405095,-0.10047572057170515,0.21668311896428621,-1.040193719815898,-0.5976676832548571,-0.057390703001542406,-0.2188662517356257,-165.1990260937605
-0.30246968648812833,0.0030460201534144695,-0.38817681854122876,1.490726136849952,0.1605739810498646,-0.33708597111803934,0.43693816974634986,-0.213442870930208,-0.6134026635409398,0.1704162223754877,1.1906462747863413,0.14866745720211155,-11.926644024311582
-0.7613552698089406,1.4967104074459814,-0.8782632528234666,0.223153054747697,0.48074457976798396,0.6802302084176292,-0.4949654803680731,-1.3569355696995753,-1.936752702502465,0.09988695440921298,-0.49757249830921385,0.551885971822154,-269.5678936336939
0.787084603742452,0.4127809269364983,1.158595579007404,0.4738329209117875,0.9633761292443218,0.6565536086338297,0.82206015999449,1.8657745111447566,-0.9746816702273214,-0.8206823183517105,1.8967929826539474,-1.1913034972026486,-20.6308521775401
0.20207450616131267,-0.06420379495271358,-0.004201915391156093,0.2149259647767057,-0.9907369187412842,-0.33908829452682704,-1.5736290221169846,-0.10017276878675659,0.09600926799704997,1.705362356513084,0.3720814786673863,-0.4597413950630392,171.86575367399288
-0.712220763649051,0.04600274725327412,1.186734620177331,1.0581183250871502,-0.23811043631205406,0.1480894197982762,-0.9046143749937661,0.6386601686431024,-0.8810683366612923,1.4363354057059785,1.1727568452674448,0.3676198402097109,144.45223367105004
0.543360192379935,-1.804882100664519,-0.6626237589458467,-0.977555244798551,-0.7632591565425169,0.751387123371789,-1.6275424378831627,0.5009171876243808,-1.6694052811213718,0.5705986685931593,0.048084946661381994,0.09933230542922587,-123.0926548346811
0.42388948244398605,-1.4829844319824181,-0.9657826328639593,-0.01330463537863531,-0.46675881195144053,-1.5587869950238415,-0.8176823966051338,0.9720569657397219,0.8193732681394064,-0.5385736732966242,-1.1338303568063541,-0.5998220233198494,53.31664700114122
0.43712677973105185,-0.993593003931448,0.09205513731199198,-0.5650604735511925,2.5299277492519523,-0.8508840890388987,-1.1204179189363892,-0.6362237126519298,2.441221722471914,0.4762403533876659,-0.754866196571921,1.871074482308114,315.36159804797467
0.16823054118369438,0.7475461257864594,-2.161303886302362,-0.33186486182197916,0.6603430545626816,0.47993974114827864,-0.3950468521695675,0.609238830889753,-1.0071949875269783,0.48253370982118504,0.3090468350240348,0.32478159411011454,-169.15678483897494
0.4924512640081491,-0.5309969550018176,0.2891686439078181,0.6748194921666038,-0.637739984251316,0.3824097461840506,-0.6231405264247644,-0.04946370965243295,0.1664522082130561,2.4553001399108942,-0.5554771191602547,-1.1227220215622986,313.4604359623452
-0.22938233185546722,0.6234071382799156,-0.24861585376667736,1.6163000427219165,0.04556388114189831,-0.034550623953963515,0.7034401331388942,0.6373246830230725,-1.6167133749480143,0.6266136372630708,2.154928677383142,-1.3927354721669964,-72.1492336101142
0.33776609905460137,1.5361567728549452,-0.5450872299955903,0.2006986942888783,-1.2692911052431042,-0.3444772087524527,-0.11131884879780068,1.1062315588599687,-0.7494159869569733,1.8167556295751046,0.2990857340211059,0.2572534211115017,146.98775644400706
1.5027343263055881,-0.2544760766453415,0.7762285047241061,2.7922088679099613,1.2371808002890092,0.7882041407971867,-0.4580251830145565,1.7649138055507714,-1.7806256729074892,-0.483933444951233,0.4753349254274913,0.09116814666643917,132.63359477317368
-0.7750449630162398,-0.05727041082210227,-0.8544934627380543,0.6604599523515503,0.2722367253273881,-2.0713771793381572,0.5480669247071704,-0.8766970856192929,1.167741925527779,-0.4030658680367221,-1.339489366528659,-0.3854932409123582,-3.1316951685060808
0.40073725369161306,0.5052613431742017,-0.4265996362860371,0.8949300615655605,-0.1482228888431208,-0.1564092787928027,-0.36702261472164177,0.040307699330247825,0.7636681497189952,-0.1247181582364859,-0.3904091864216333,0.5910905313252215,115.35649874147194
1.5723982102703271,-0.906902874722061,-0.2821257769339113,-0.6072614140860845,-0.9489528277686782,1.3992279500711593,-2.350455852624361,0.8900577324754597,1.5391423458106503,1.2307029049844702,1.67286820189853,-0.20020125430036984,349.77358555611977
0.29698467323318606,0.23225369716100355,0.25049285034587654,0.7818228717773104,-0.6800247215784908,-1.3204566130842763,0.29307247329868125,0.25988279424842353,0.5219415656168976,0.3464482094969757,-0.7143514180263678,-1.236950710878082,99.41186596619028
-0.21220896990115168,-1.2417605754816243,-0.9519184600222356,2.411676675578421,0.2577525401427507,0.6021183203924835,0.33417641724489744,-1.1302037246739238,0.07203686128374476,0.07748051851886253,-0.15525904882474875,1.5163940552535728,145.86588026325285
0.8876554258738361,0.49774308909139425,-0.3206676255571917,3.109918556005361,0.23007075919140207,-0.18319661872038787,0.6659242520544614,1.9956674897839644,0.5345056484805503,1.7952113559123222,0.4215866106144557,0.6067230591361827,545.1206060710614
-0.20358036010236177,-1.2239402667622565,-0.5816809139486437,-0.5535882417079946,-0.6492775450660071,1.628396623128538,0.03408346825922607,1.6777008140764407,-0.3791277409874871,-1.0147567306928669,-0.7699732310586418,0.5689830791852754,-99.05118334986221
1.1665283362210033,0.4441451710872574,0.8913439016052467,-0.030263057596985755,-0.2904414820111494,-1.7240618108680354,0.8157544866520694,1.4678504449973098,0.6938234538591022,-0.20435572664564833,0.6024734362823633,2.598822900074582,351.7976841091397
0.47962531955157295,1.2884336225033886,-0.4323011858095411,0.5935394322931908,-0.9273730056959336,0.5846229524867408,-0.6342747168173137,-0.6003386590064871,0.23782954075833587,0.23173094203039254,1.1288474875493895,0.003060116738572855,35.282642861305945
0.9736222494278469,-1.128062554807694,-0.5035696189077175,-2.0746400375463683,-0.7661208306106709,0.016025282295160426,0.30989477938063453,0.2730107174943857,0.7946003829452114,-0.150614014629933,-1.2735855485965992,-0.09195678260426586,-15.305502779151283
1.3280568889869675,0.638677139880301,-0.9727645167600009,-1.671169772494065,-0.17262913429083468,0.4689780781484677,-0.06357353918612146,-0.3652409774898465,-0.49195690486948307,0.40662203422267407,-1.4509278911112242,2.0358735351817927,25.45565357098035
-1.0592135218889516,0.5040465155178444,-0.06267909727317188,0.6696725488300385,-0.9857260463355437,-0.9398797863273552,-0.5302576183724408,-1.3044695005048532,-0.5138669173366935,0.9551423205012383,-0.7928728322623442,0.36659824609684827,-11.296315098943657
0.5775169546072118,-0.1271585968748843,0.5065876716972757,1.6772395929744568,1.1044777038374665,-0.08145598777787942,0.6418790614777692,0.486842068967491,0.6754908472654697,1.1119533608604089,-0.38309492115979377,0.9955266916741141,370.0893476877019
0.885231482988991,-0.5057467042619367,-0.5923559556520536,-1.3993061748019415,1.9541574337502863,-2.100026507651624,-1.0589075870566005,0.49986412374037137,0.6255080168310357,0.12354769595558233,1.4816634024625988,0.3676492929914216,41.33661313215839
0.9374774925069249,-0.253676077542381,1.6350663945275195,1.2912738390158789,-1.092141593428733,1.310191908080897,-0.34516470544979644,-0.2775442563155516,-0.21596052035023222,1.311693449272661,0.4892545350763276,0.4217800742508709,361.12831375727876
-0.33381948975600995,0.4477169258102776,1.1731246375866413,1.598647170504717,-0.10730214400422888,-0.29548031802916036,-1.5708761520684993,-0.25879606266710237,0.6969544045107356,0.3696421921980939,-1.1267674689098053,0.5609194479412387,234.8895053577764
-1.1388331177807691,-1.0718572330401555,1.0391117874202687,1.4524675344707454,0.6704806172412126,0.30047435961082836,-1.5537587660160643,-0.4532484090230134,0.6222071440434019,-0.07576428653545988,0.8178896580250287,0.32674476460232005,121.5632465020561
0.043908301877156795,-1.2008189998350405,0.5772623672009194,0.7906723186907282,-0.8249606865912409,0.4595754883110654,1.2740635835161493,0.9845928948957969,2.017775813175065,-1.4509129285940126,-2.55254015202075,0.787276293122914,191.39539281997415
-1.7378046158464995,0.41195299906180954,0.01804725246822428,1.3954340821991853,-0.5996399948212037,0.3014070697811174,0.8515910458931973,2.369287300811497,-0.03658003987684579,1.2106745525421971,-0.9096804393124754,0.24180207155574857,203.9556228171187
-0.5711839740841865,-0.04592882874016064,0.04382879946042826,0.0348075404998322,-0.4842583519308302,-1.1471595110117114,-0.016568409822520076,1.8686032191630024,1.0899049590908303,0.9558027451124809,0.6833245115160919,-0.8021994080351792,203.88930725825384
-0.25083301645504735,2.165002344901084,1.328194141849058,-0.7567950885694608,0.45588777208160763,1.5013336519554867,-0.643518230380143,0.9960476858058164,-0.32267983884213575,0.5562300094006599,0.9278401280812372,-1.4218106667418438,-7.9089101841128295
-1.479444223139724,1.0071333364731596,1.259233239786799,-0.39622967810175985,-0.9733788380270346,0.604120889588518,0.3361449630262288,1.2395840064415615,2.303638752104789,1.1464408704007276,-0.22747625995340778,1.0683793336940164,410.09217834227724
-0.8818746512277178,-0.14451867071551783,-0.16306696394376388,0.7083038472010638,-0.6751782749743815,1.0701502383164274,-0.7924199209999613,1.188913371474643,-0.026521259249060063,-0.7449026448064491,-0.3079615296390403,0.3514482075415829,-65.18278594396597
-1.265636445089811,-0.17022379197117923,-0.7480909828486626,0.22442003838225033,0.2893389056429845,0.13349941906137147,0.6352455366039567,-2.153588112944552,-2.9733061712925575,0.2916589331890461,-1.0262423753029,0.34961533102838527,-416.2224069853931
-0.7708136306140894,-1.498635497149212,1.4336250198209464,-0.39272623842581755,0.6621687539474996,-1.7759822469618927,1.1942144830139918,-1.1929733710191368,-0.9809467270133695,0.19145071595735258,1.3011020630240928,-0.37146202108768545,-156.98022906669786
-2.241915934508913,-0.49898725597911187,0.20545568703630285,0.12184446413245396,-0.8003354061653037,0.09982631509976791,1.7448614066234935,1.7256937928147706,-0.6673333812164803,-0.7756066046023912,2.404837542253973,0.7534174734210928,-166.69599794466416
0.4734074157124664,0.0340080962281468,0.29094736433948537,0.01934407081175429,-0.7908817916945654,-0.0498801541281177,-1.3650217954266353,1.592669998282884,-1.0461210850625042,0.9578396311082676,0.7014947819247145,-1.1889634195349619,31.68798061387897
0.5422030069090485,-0.4572185393191959,-0.33787777547380676,0.7831598877770107,-0.27464374936629743,0.5647891059076481,-0.6891117977217902,0.7728478385437232,-0.21208966992042563,0.0022316221624020006,0.4676901038588855,0.3350543519121714,76.07995102509868
-0.9925780067288229,0.366746407892257,0.02041716721291813,1.4120268785432495,-1.7690503037393988,0.09893378702888371,-0.3838747413307828,0.5793467597567757,0.3383574419359596,-1.465673857342095,0.20228040762121913,-0.6281437391691783,-77.44760691421574
-2.7404264220349313,-0.19856918688096045,1.1874271516819999,-0.1121264436113449,1.316176081530022,-0.9650455805761796,-2.061405424022905,0.6694383715424684,0.896499670200166,0.5212299906445413,0.430362641506498,-1.9133403347228028,-48.76896470159433
0.1713682811899705,-0.7198442083947086,-0.11564828238824053,-1.9596701238797756,-1.4785219903674274,0.19686123586912352,-0.4606387709597875,0.2088635950047554,0.7384665799954104,-0.3011036955892888,1.0571222262189157,-1.3281860488984305,-99.02599206060178
0.9262154022415924,0.1973157074055956,0.9653974845911707,-0.5827586576115821,0.08865759096143744,-0.13427916218630415,-0.6176518954343502,0.26536234939962844,1.42274813609994,1.2361307218062179,-0.31607285602704976,-2.438817158276429,224.59745325409398
-0.68015236575182,-0.26257565931562216,0.1817812325871601,-0.6719173104649906,0.3736534056211483,1.1222033332933687,1.2813833981236349,1.1346396998210568,1.3831356467781524,0.2944189776840481,-1.8897034836215454,-0.20331828541750677,107.47000892223834
-0.47971889676613605,0.7351321130540912,-0.43263751633352826,0.9669566453448166,-0.24657105425957435,0.4494335159472622,0.006381540963314977,-1.6522426773534897,0.9210258397309934,2.1857306167225743,-1.8482585300784151,0.5446245744993387,272.6912957686182
-0.03992646337336377,0.4705098473785568,0.794923113875559,-2.1200872151201744,1.0581700938241017,-0.31093751635109385,0.011862679180784205,-0.43145564455988483,0.6098800471904189,1.3491351051134295,-0.9807880084135592,-0.7360636534685142,74.10104526329121
0.06450597286257172,-1.4384111667945592,0.9065441571099638,1.2744284266875814,2.0578111770977623,1.0984848760518187,-0.5151708990920177,1.1188945979306693,0.3576613666310894,0.07225204823791581,-0.1265188969539503,-0.17167365392478334,184.2644916111491
0.27899416222380197,0.3098207102270275,-0.8353470532597573,0.8949243769444413,-1.1875984190295128,1.2477420726737338,0.6337768809320985,-0.7184072655691974,-0.6734906242438685,2.1451491277733883,0.41379909745149823,-0.2949496782920278,120.81292891120732
1.1692955904456728,0.14671368643332283,1.3821589910375272,1.1087035805829077,-0.16711808031685435,0.5072740311072977,1.2065089665083568,0.5906548306923093,1.066674689589154,0.6487098875896427,-0.8169356709872361,0.820482181197364,403.94183617356754
0.6256309336460009,-0.5388418561927383,-0.6967718184295749,-1.3671378064602457,0.26044226333355597,-1.232523314768509,-1.008554684076208,0.46320629209912306,0.5522999376795232,0.5820265670847269,-1.962625691672579,0.8481742126666681,91.15639134953159
0.02310434600073103,2.0268171160423925,-0.9779388355526387,0.2802359460024943,-1.9790186934897123,0.114845090277753,0.8627545919526867,0.2921488421187989,0.8687983383055493,-0.6124228909008682,-0.8300704951292369,0.2921688282073261,16.170432380925465
-1.0175847772133757,0.725081044447508,0.8601826383951566,0.14782073903652695,-1.1554517938176596,-0.642776382899948,1.5268126635772652,2.05419384125607,-0.4588768450249969,0.8102600443753338,1.9025582052295598,-1.4162688593406074,33.00057149561767
-1.2390527025266425,-0.81240234893742,2.095843501809159,-1.0513099116393445,0.678946987762233,1.8577023435377324,-0.049029340838036735,-1.8316822472060261,-0.10343122429028392,1.5944423917491968,-0.16036008104483077,1.4974316831796264,139.09332051905278
1.050319552276355,-0.1771681151147619,-0.6110011240896291,0.2739110868471789,-0.0016217169633801235,-0.531411401138425,0.24889396913325643,0.24409844350238658,-0.19308207400661265,0.7963400197488324,-0.39115637225284255,-1.5231724641738478,44.54140887780214
1.9114190871397234,-1.2549226680022925,-1.2804555710024668,-0.03901951937754412,1.0074439731951985,-2.025807873111377,0.1847104747810833,0.7793490039053323,-1.0708524186844388,0.18947982122108065,0.937915537510655,-0.41790954576589057,-34.55644339067616
